{
  "h2_co_ratio": 10.82477339841039,
  "ch4_conversion": 99.99408432266593,
  "co2_conversion": 0.2110902719014669,
  "ignition_length_peak_m": 0.0,
  "ignition_length_thresh_m": 2.32,
  "pressure_drop_Pa": 0.0,
  "residence_time_total_s": 0.23199999999999987,
  "outlet_temperature_K": 1658.6514610468948,
  "outlet_temperature_C": 1385.5014610468947,
  "outlet_pressure_Pa": 25037697.883607976,
  "outlet_pressure_bar": 250.37697883607976,
  "dry_composition": {
    "H2": 91.34429866759687,
    "CO": 8.438449037742512,
    "CO2": 0.2140157304998925,
    "CH4": 0.002998830771898256,
    "N2": 0.0
  }
}