{
  "case_id": "A_case1_richter",
  "h2_co_ratio": 2.3000029028700557,
  "psr_temperature_C": 1026.85,
  "pfr_outlet_temperature_C": 1161.2689742300445,
  "ignition_length_peak_m": 0.0,
  "ignition_length_threshold_m": 0.001,
  "residence_time_s": 14.135121894562577,
  "Q_burner_kW": 34.29,
  "species_columns": [
    "X_H2",
    "X_H",
    "X_O",
    "X_O2",
    "X_OH",
    "X_H2O",
    "X_HO2",
    "X_H2O2",
    "X_C",
    "X_CH",
    "X_CH2",
    "X_CH2(S)",
    "X_CH3",
    "X_CH4",
    "X_CO",
    "X_CO2",
    "X_HCO",
    "X_CH2O",
    "X_CH2OH",
    "X_CH3O",
    "X_CH3OH",
    "X_C2H",
    "X_C2H2",
    "X_C2H3",
    "X_C2H4",
    "X_C2H5",
    "X_C2H6",
    "X_HCCO",
    "X_CH2CO",
    "X_HCCOH",
    "X_N",
    "X_NH",
    "X_NH2",
    "X_NH3",
    "X_NNH",
    "X_NO",
    "X_NO2",
    "X_N2O",
    "X_HNO",
    "X_CN",
    "X_HCN",
    "X_H2CN",
    "X_HCNN",
    "X_HCNO",
    "X_HOCN",
    "X_HNCO",
    "X_NCO",
    "X_N2",
    "X_AR",
    "X_C3H7",
    "X_C3H8",
    "X_CH2CHO",
    "X_CH3CHO"
  ],
  "species_mapping": {
    "H2": "X_H2",
    "H": "X_H",
    "O": "X_O",
    "O2": "X_O2",
    "OH": "X_OH",
    "H2O": "X_H2O",
    "HO2": "X_HO2",
    "H2O2": "X_H2O2",
    "C": "X_C",
    "CH": "X_CH",
    "CH2": "X_CH2",
    "CH2(S)": "X_CH2(S)",
    "CH3": "X_CH3",
    "CH4": "X_CH4",
    "CO": "X_CO",
    "CO2": "X_CO2",
    "HCO": "X_HCO",
    "CH2O": "X_CH2O",
    "CH2OH": "X_CH2OH",
    "CH3O": "X_CH3O",
    "CH3OH": "X_CH3OH",
    "C2H": "X_C2H",
    "C2H2": "X_C2H2",
    "C2H3": "X_C2H3",
    "C2H4": "X_C2H4",
    "C2H5": "X_C2H5",
    "C2H6": "X_C2H6",
    "HCCO": "X_HCCO",
    "CH2CO": "X_CH2CO",
    "HCCOH": "X_HCCOH",
    "N": "X_N",
    "NH": "X_NH",
    "NH2": "X_NH2",
    "NH3": "X_NH3",
    "NNH": "X_NNH",
    "NO": "X_NO",
    "NO2": "X_NO2",
    "N2O": "X_N2O",
    "HNO": "X_HNO",
    "CN": "X_CN",
    "HCN": "X_HCN",
    "H2CN": "X_H2CN",
    "HCNN": "X_HCNN",
    "HCNO": "X_HCNO",
    "HOCN": "X_HOCN",
    "HNCO": "X_HNCO",
    "NCO": "X_NCO",
    "N2": "X_N2",
    "AR": "X_AR",
    "C3H7": "X_C3H7",
    "C3H8": "X_C3H8",
    "CH2CHO": "X_CH2CHO",
    "CH3CHO": "X_CH3CHO"
  },
  "dry_basis_computed": true,
  "sim_dry": {
    "H2": 0.5525629384393148,
    "H": 8.637952585608424e-07,
    "O": 6.9280834994943454e-15,
    "O2": 8.228850047932561e-16,
    "OH": 4.978722675422468e-09,
    "HO2": 5.704408368446538e-18,
    "H2O2": 3.804024923614023e-15,
    "C": 9.411695653157586e-20,
    "CH": 4.7724253984751626e-17,
    "CH2": 6.044176232186267e-12,
    "CH2(S)": 1.2247314980162936e-13,
    "CH3": 5.520982697144082e-06,
    "CH4": 0.17575187615893845,
    "CO": 0.24024445262647273,
    "CO2": 0.02643155634311056,
    "HCO": 1.9662102902945513e-08,
    "CH2O": 2.7061822055166598e-06,
    "CH2OH": 5.802513330476542e-11,
    "CH3O": 4.2045528224177477e-13,
    "CH3OH": 1.9200842119565344e-07,
    "C2H": 5.5842789540525846e-14,
    "C2H2": 2.903103294318579e-05,
    "C2H3": 2.6701922343242637e-09,
    "C2H4": 0.00040161652762597436,
    "C2H5": 5.410999294927371e-08,
    "C2H6": 0.00014448950885791352,
    "HCCO": 7.897725441120014e-12,
    "CH2CO": 7.40611247038453e-07,
    "HCCOH": 3.6672596569854446e-10,
    "N": 1.8949838790722603e-20,
    "NH": 1.3591923204108081e-18,
    "NH2": 7.030645411733929e-15,
    "NH3": 2.2740223114094973e-09,
    "NNH": 2.3913048567737143e-13,
    "NO": 1.1496362822724218e-16,
    "NO2": 3.1991948167537156e-25,
    "N2O": 1.2610692208214906e-16,
    "HNO": 1.0167343350864052e-19,
    "CN": 8.862287607490905e-19,
    "HCN": 1.9334938473513706e-10,
    "H2CN": 1.5734505567123133e-16,
    "HCNN": 2.443025953704864e-19,
    "HCNO": 2.2307258325867004e-21,
    "HOCN": 1.9592790198359244e-15,
    "HNCO": 1.2151008459341372e-11,
    "NCO": 3.1118128186445503e-18,
    "N2": 0.004423533552076091,
    "AR": 3.6298319101311226e-31,
    "C3H7": 1.2200805262156485e-10,
    "C3H8": 3.2332148831142316e-07,
    "CH2CHO": 3.1388315776199705e-11,
    "CH3CHO": 7.441586096822804e-08
  },
  "targets_available": false,
  "files_used": {
    "axial_profiles": "hp_pox_results_gri/A_case1_richter/axial_profiles.csv",
    "kpis": "hp_pox_results_gri/A_case1_richter/kpis.json",
    "outlet_composition": null
  }
}