{
  "case1": {
    "outlet_T_C": 1346.5,
    "H2_CO": 1.47,
    "dry": {
      "H2": 54.52,
      "CO": 37.09,
      "CO2": 3.77,
      "CH4": 1.29,
      "N2": 0.35
    },
    "res_time_s": 23.2,
    "dP_kPa": 0.0,
    "ignition_length_m": 1.47,
    "ch4_conversion_pct": 98.9
  },
  "case4": {
    "outlet_T_C": 1824.8,
    "H2_CO": 1.66,
    "dry": {
      "H2": 57.03,
      "CO": 34.45,
      "CO2": 3.35,
      "CH4": 2.58,
      "N2": 0.31
    },
    "res_time_s": 23.2,
    "dP_kPa": 0.0,
    "ignition_length_m": 1.02,
    "ch4_conversion_pct": 97.9
  }
}
