{
  "case_id": "A_case4_richter",
  "h2_co_ratio": 2.2519613803254934,
  "psr_temperature_C": 1026.85,
  "pfr_outlet_temperature_C": 1160.3934950376383,
  "ignition_length_peak_m": 0.0,
  "ignition_length_threshold_m": 2.32,
  "residence_time_s": 14.228407285744769,
  "Q_burner_kW": 36.36,
  "species_columns": [
    "X_N2",
    "X_AR",
    "X_HE",
    "X_H",
    "X_O2",
    "X_OH",
    "X_O",
    "X_H2",
    "X_H2O",
    "X_HO2",
    "X_H2O2",
    "X_CO",
    "X_CO2",
    "X_HCO",
    "X_CH3",
    "X_CH4",
    "X_CH2O",
    "X_T-CH2",
    "X_S-CH2",
    "X_C2H4",
    "X_CH3O",
    "X_C2H5",
    "X_C2H6",
    "X_CH",
    "X_C2H2",
    "X_C2H4OOH",
    "X_OC2H3OOH",
    "X_C2H3",
    "X_CH2CHO",
    "X_C2H4O",
    "X_HCCO",
    "X_CH2CO",
    "X_C2H",
    "X_CH2OH",
    "X_CH3OH",
    "X_CH3CHO",
    "X_CH3CO",
    "X_C2H5OH",
    "X_CH2CH2OH",
    "X_CH3CHOH",
    "X_CH3CH2O",
    "X_C3H4",
    "X_C3H3",
    "X_C3H5",
    "X_C3H6",
    "X_C3H8",
    "X_I-C3H7",
    "X_N-C3H7",
    "X_C3H6OOH",
    "X_OC3H5OOH",
    "X_C4H10",
    "X_PC4H9",
    "X_SC4H9",
    "X_C4H8",
    "X_SC4H9O2",
    "X_C4H8OOH1-3",
    "X_NC4KET13"
  ],
  "species_mapping": {
    "N2": "X_N2",
    "AR": "X_AR",
    "HE": "X_HE",
    "H": "X_H",
    "O2": "X_O2",
    "OH": "X_OH",
    "O": "X_O",
    "H2": "X_H2",
    "H2O": "X_H2O",
    "HO2": "X_HO2",
    "H2O2": "X_H2O2",
    "CO": "X_CO",
    "CO2": "X_CO2",
    "HCO": "X_HCO",
    "CH3": "X_CH3",
    "CH4": "X_CH4",
    "CH2O": "X_CH2O",
    "T-CH2": "X_T-CH2",
    "S-CH2": "X_S-CH2",
    "C2H4": "X_C2H4",
    "CH3O": "X_CH3O",
    "C2H5": "X_C2H5",
    "C2H6": "X_C2H6",
    "CH": "X_CH",
    "C2H2": "X_C2H2",
    "C2H4OOH": "X_C2H4OOH",
    "OC2H3OOH": "X_OC2H3OOH",
    "C2H3": "X_C2H3",
    "CH2CHO": "X_CH2CHO",
    "C2H4O": "X_C2H4O",
    "HCCO": "X_HCCO",
    "CH2CO": "X_CH2CO",
    "C2H": "X_C2H",
    "CH2OH": "X_CH2OH",
    "CH3OH": "X_CH3OH",
    "CH3CHO": "X_CH3CHO",
    "CH3CO": "X_CH3CO",
    "C2H5OH": "X_C2H5OH",
    "CH2CH2OH": "X_CH2CH2OH",
    "CH3CHOH": "X_CH3CHOH",
    "CH3CH2O": "X_CH3CH2O",
    "C3H4": "X_C3H4",
    "C3H3": "X_C3H3",
    "C3H5": "X_C3H5",
    "C3H6": "X_C3H6",
    "C3H8": "X_C3H8",
    "I-C3H7": "X_I-C3H7",
    "N-C3H7": "X_N-C3H7",
    "C3H6OOH": "X_C3H6OOH",
    "OC3H5OOH": "X_OC3H5OOH",
    "C4H10": "X_C4H10",
    "PC4H9": "X_PC4H9",
    "SC4H9": "X_SC4H9",
    "C4H8": "X_C4H8",
    "SC4H9O2": "X_SC4H9O2",
    "C4H8OOH1-3": "X_C4H8OOH1-3",
    "NC4KET13": "X_NC4KET13"
  },
  "dry_basis_computed": true,
  "sim_dry": {
    "N2": 0.004407260972214859,
    "AR": 3.4327268091438207e-31,
    "HE": 1.887987635953862e-29,
    "H": 8.823579254044321e-07,
    "O2": 5.379227585100296e-16,
    "OH": 4.6594636150054784e-09,
    "O": 5.2577613108428516e-15,
    "H2": 0.6005113012144158,
    "HO2": 4.0286340631636496e-18,
    "H2O2": 2.535986405313355e-15,
    "CO": 0.26666145630242516,
    "CO2": 0.023226319624762033,
    "HCO": 2.2773373317898792e-08,
    "CH3": 3.0782082517027205e-06,
    "CH4": 0.10426342171984151,
    "CH2O": 3.284026173412317e-06,
    "T-CH2": 3.4257310784057098e-12,
    "S-CH2": 6.930841176872683e-14,
    "C2H4": 0.00011608543360450423,
    "CH3O": 8.178675636043517e-13,
    "C2H5": 1.63968680442254e-08,
    "C2H6": 4.655220022308337e-05,
    "CH": 1.7803674675454376e-17,
    "C2H2": 7.51027622862012e-06,
    "C2H4OOH": 4.868308360159895e-25,
    "OC2H3OOH": 2.7355467840787257e-25,
    "C2H3": 7.244329028415758e-10,
    "CH2CHO": 3.2741147910332883e-11,
    "C2H4O": 0.0007516059196464343,
    "HCCO": 4.990338794213946e-12,
    "CH2CO": 5.02618236873605e-07,
    "C2H": 1.3497477599857332e-14,
    "CH2OH": 8.239998326179026e-11,
    "CH3OH": 2.211195442452032e-07,
    "CH3CHO": 1.3377189688501442e-07,
    "CH3CO": 3.1977776943067867e-10,
    "C2H5OH": 5.708554316987438e-09,
    "CH2CH2OH": 8.262855701170322e-13,
    "CH3CHOH": 3.994371287108459e-13,
    "CH3CH2O": 9.335823633987682e-16,
    "C3H4": 2.7486900959038176e-08,
    "C3H3": 4.731521071952524e-10,
    "C3H5": 1.3143061820795241e-09,
    "C3H6": 2.4221271259765024e-07,
    "C3H8": 6.097680490802629e-08,
    "I-C3H7": 2.8984869858732373e-11,
    "N-C3H7": 2.5249474726548026e-11,
    "C3H6OOH": 2.2957154106599175e-27,
    "OC3H5OOH": 5.7782189843868725e-28,
    "C4H10": 6.30029896022545e-11,
    "PC4H9": 2.0378095481402645e-14,
    "SC4H9": 6.175430874716895e-14,
    "C4H8": 9.452501350308242e-10,
    "SC4H9O2": 1.4213288449944104e-29,
    "C4H8OOH1-3": 6.60003971119585e-31,
    "NC4KET13": 7.598028207214612e-30
  },
  "targets_available": false,
  "files_used": {
    "axial_profiles": "hp_pox_results_sandiego/A_case4_richter/axial_profiles.csv",
    "kpis": "hp_pox_results_sandiego/A_case4_richter/kpis.json",
    "outlet_composition": null
  }
}