{
  "case_id": "B_case4_134L",
  "h2_co_ratio": 2.2322473613119924,
  "psr_temperature_C": 1026.85,
  "pfr_outlet_temperature_C": 1197.4687799979315,
  "ignition_length_peak_m": 0.0,
  "ignition_length_threshold_m": 1.0,
  "residence_time_s": 3.846371972115021,
  "Q_burner_kW": 36.36,
  "species_columns": [
    "X_N2",
    "X_AR",
    "X_HE",
    "X_H",
    "X_O2",
    "X_OH",
    "X_O",
    "X_H2",
    "X_H2O",
    "X_HO2",
    "X_H2O2",
    "X_CO",
    "X_CO2",
    "X_HCO",
    "X_CH3",
    "X_CH4",
    "X_CH2O",
    "X_T-CH2",
    "X_S-CH2",
    "X_C2H4",
    "X_CH3O",
    "X_C2H5",
    "X_C2H6",
    "X_CH",
    "X_C2H2",
    "X_C2H4OOH",
    "X_OC2H3OOH",
    "X_C2H3",
    "X_CH2CHO",
    "X_C2H4O",
    "X_HCCO",
    "X_CH2CO",
    "X_C2H",
    "X_CH2OH",
    "X_CH3OH",
    "X_CH3CHO",
    "X_CH3CO",
    "X_C2H5OH",
    "X_CH2CH2OH",
    "X_CH3CHOH",
    "X_CH3CH2O",
    "X_C3H4",
    "X_C3H3",
    "X_C3H5",
    "X_C3H6",
    "X_C3H8",
    "X_I-C3H7",
    "X_N-C3H7",
    "X_C3H6OOH",
    "X_OC3H5OOH",
    "X_C4H10",
    "X_PC4H9",
    "X_SC4H9",
    "X_C4H8",
    "X_SC4H9O2",
    "X_C4H8OOH1-3",
    "X_NC4KET13"
  ],
  "species_mapping": {
    "N2": "X_N2",
    "AR": "X_AR",
    "HE": "X_HE",
    "H": "X_H",
    "O2": "X_O2",
    "OH": "X_OH",
    "O": "X_O",
    "H2": "X_H2",
    "H2O": "X_H2O",
    "HO2": "X_HO2",
    "H2O2": "X_H2O2",
    "CO": "X_CO",
    "CO2": "X_CO2",
    "HCO": "X_HCO",
    "CH3": "X_CH3",
    "CH4": "X_CH4",
    "CH2O": "X_CH2O",
    "T-CH2": "X_T-CH2",
    "S-CH2": "X_S-CH2",
    "C2H4": "X_C2H4",
    "CH3O": "X_CH3O",
    "C2H5": "X_C2H5",
    "C2H6": "X_C2H6",
    "CH": "X_CH",
    "C2H2": "X_C2H2",
    "C2H4OOH": "X_C2H4OOH",
    "OC2H3OOH": "X_OC2H3OOH",
    "C2H3": "X_C2H3",
    "CH2CHO": "X_CH2CHO",
    "C2H4O": "X_C2H4O",
    "HCCO": "X_HCCO",
    "CH2CO": "X_CH2CO",
    "C2H": "X_C2H",
    "CH2OH": "X_CH2OH",
    "CH3OH": "X_CH3OH",
    "CH3CHO": "X_CH3CHO",
    "CH3CO": "X_CH3CO",
    "C2H5OH": "X_C2H5OH",
    "CH2CH2OH": "X_CH2CH2OH",
    "CH3CHOH": "X_CH3CHOH",
    "CH3CH2O": "X_CH3CH2O",
    "C3H4": "X_C3H4",
    "C3H3": "X_C3H3",
    "C3H5": "X_C3H5",
    "C3H6": "X_C3H6",
    "C3H8": "X_C3H8",
    "I-C3H7": "X_I-C3H7",
    "N-C3H7": "X_N-C3H7",
    "C3H6OOH": "X_C3H6OOH",
    "OC3H5OOH": "X_OC3H5OOH",
    "C4H10": "X_C4H10",
    "PC4H9": "X_PC4H9",
    "SC4H9": "X_SC4H9",
    "C4H8": "X_C4H8",
    "SC4H9O2": "X_SC4H9O2",
    "C4H8OOH1-3": "X_C4H8OOH1-3",
    "NC4KET13": "X_NC4KET13"
  },
  "dry_basis_computed": true,
  "sim_dry": {
    "N2": 0.004508476975822388,
    "AR": 3.5115619158651103e-31,
    "HE": 1.931346666557082e-29,
    "H": 1.4141055189955714e-06,
    "O2": 1.8499347763854417e-15,
    "OH": 9.378251075198857e-09,
    "O": 1.6959206518368925e-14,
    "H2": 0.5914801605750422,
    "HO2": 1.3965503510552382e-17,
    "H2O2": 6.4747254831169774e-15,
    "CO": 0.26497070657411487,
    "CO2": 0.023844031993977336,
    "HCO": 3.0691444960223796e-08,
    "CH3": 5.50247468648522e-06,
    "CH4": 0.11409881405548093,
    "CH2O": 3.174079041196501e-06,
    "T-CH2": 1.0487400713663107e-11,
    "S-CH2": 2.292839941012858e-13,
    "C2H4": 0.00022818583542746535,
    "CH3O": 1.1148993851030451e-12,
    "C2H5": 3.6376301319453157e-08,
    "C2H6": 6.605833817658545e-05,
    "CH": 8.235577200044684e-17,
    "C2H2": 2.246370708340027e-05,
    "C2H4OOH": 3.1576300971388696e-24,
    "OC2H3OOH": 4.571631927637562e-25,
    "C2H3": 2.4528660770907466e-09,
    "CH2CHO": 5.651504525938035e-11,
    "C2H4O": 0.0007688960415885237,
    "HCCO": 1.2403693099198838e-11,
    "CH2CO": 7.748984579317592e-07,
    "C2H": 8.395251422881167e-14,
    "CH2OH": 1.2256487741204248e-10,
    "CH3OH": 2.8530299004906374e-07,
    "CH3CHO": 1.5216702664790998e-07,
    "CH3CO": 5.084182877880185e-10,
    "C2H5OH": 1.0794147401578163e-08,
    "CH2CH2OH": 2.5029675039156553e-12,
    "CH3CHOH": 8.058790145555541e-13,
    "CH3CH2O": 2.2921932948457253e-15,
    "C3H4": 1.0043558192682962e-07,
    "C3H3": 2.4658316233079736e-09,
    "C3H5": 4.54871797821075e-09,
    "C3H6": 5.914144438382572e-07,
    "C3H8": 1.1035774849030125e-07,
    "I-C3H7": 7.987843889823649e-11,
    "N-C3H7": 7.148107827907582e-11,
    "C3H6OOH": 1.8427427429145177e-26,
    "OC3H5OOH": 1.2259186836038972e-27,
    "C4H10": 1.4579709655304816e-10,
    "PC4H9": 7.394786417703367e-14,
    "SC4H9": 2.1766793308696323e-13,
    "C4H8": 2.9476280832879422e-09,
    "SC4H9O2": 1.2564756227712588e-28,
    "C4H8OOH1-3": 6.802967195318913e-30,
    "NC4KET13": 4.0816905985755043e-29
  },
  "targets_available": false,
  "files_used": {
    "axial_profiles": "hp_pox_results_sandiego/B_case4_134L/axial_profiles.csv",
    "kpis": "hp_pox_results_sandiego/B_case4_134L/kpis.json",
    "outlet_composition": null
  }
}