{
  "case_id": "A_case4_richter",
  "h2_co_ratio": 1.706628340656291,
  "psr_temperature_C": 1904.4007610130666,
  "pfr_outlet_temperature_C": 1678.005014509737,
  "ignition_length_peak_m": 0.006,
  "ignition_length_threshold_m": 2.32,
  "residence_time_s": 12.228322191675913,
  "Q_burner_kW": 36.36,
  "species_columns": [
    "X_H2",
    "X_H",
    "X_O",
    "X_O2",
    "X_OH",
    "X_H2O",
    "X_HO2",
    "X_H2O2",
    "X_C",
    "X_CH",
    "X_CH2",
    "X_CH2(S)",
    "X_CH3",
    "X_CH4",
    "X_CO",
    "X_CO2",
    "X_HCO",
    "X_CH2O",
    "X_CH2OH",
    "X_CH3O",
    "X_CH3OH",
    "X_C2H",
    "X_C2H2",
    "X_C2H3",
    "X_C2H4",
    "X_C2H5",
    "X_C2H6",
    "X_HCCO",
    "X_CH2CO",
    "X_HCCOH",
    "X_N",
    "X_NH",
    "X_NH2",
    "X_NH3",
    "X_NNH",
    "X_NO",
    "X_NO2",
    "X_N2O",
    "X_HNO",
    "X_CN",
    "X_HCN",
    "X_H2CN",
    "X_HCNN",
    "X_HCNO",
    "X_HOCN",
    "X_HNCO",
    "X_NCO",
    "X_N2",
    "X_AR",
    "X_C3H7",
    "X_C3H8",
    "X_CH2CHO",
    "X_CH3CHO"
  ],
  "species_mapping": {
    "H2": "X_H2",
    "H": "X_H",
    "O": "X_O",
    "O2": "X_O2",
    "OH": "X_OH",
    "H2O": "X_H2O",
    "HO2": "X_HO2",
    "H2O2": "X_H2O2",
    "C": "X_C",
    "CH": "X_CH",
    "CH2": "X_CH2",
    "CH2(S)": "X_CH2(S)",
    "CH3": "X_CH3",
    "CH4": "X_CH4",
    "CO": "X_CO",
    "CO2": "X_CO2",
    "HCO": "X_HCO",
    "CH2O": "X_CH2O",
    "CH2OH": "X_CH2OH",
    "CH3O": "X_CH3O",
    "CH3OH": "X_CH3OH",
    "C2H": "X_C2H",
    "C2H2": "X_C2H2",
    "C2H3": "X_C2H3",
    "C2H4": "X_C2H4",
    "C2H5": "X_C2H5",
    "C2H6": "X_C2H6",
    "HCCO": "X_HCCO",
    "CH2CO": "X_CH2CO",
    "HCCOH": "X_HCCOH",
    "N": "X_N",
    "NH": "X_NH",
    "NH2": "X_NH2",
    "NH3": "X_NH3",
    "NNH": "X_NNH",
    "NO": "X_NO",
    "NO2": "X_NO2",
    "N2O": "X_N2O",
    "HNO": "X_HNO",
    "CN": "X_CN",
    "HCN": "X_HCN",
    "H2CN": "X_H2CN",
    "HCNN": "X_HCNN",
    "HCNO": "X_HCNO",
    "HOCN": "X_HOCN",
    "HNCO": "X_HNCO",
    "NCO": "X_NCO",
    "N2": "X_N2",
    "AR": "X_AR",
    "C3H7": "X_C3H7",
    "C3H8": "X_C3H8",
    "CH2CHO": "X_CH2CHO",
    "CH3CHO": "X_CH3CHO"
  },
  "dry_basis_computed": true,
  "sim_dry": {
    "H2": 0.5960488667304115,
    "H": 0.00014573011212957584,
    "O": 1.3688247586604694e-09,
    "O2": 3.393926329030152e-10,
    "OH": 7.56581319031187e-06,
    "HO2": 2.7049807351987368e-12,
    "H2O2": 6.086404223655492e-11,
    "C": 8.582222422775061e-16,
    "CH": 2.6358246426773006e-14,
    "CH2": 3.012129359225581e-11,
    "CH2(S)": 1.3816488661069453e-12,
    "CH3": 9.813089808777472e-08,
    "CH4": 2.0247795414226158e-05,
    "CO": 0.34925522595106934,
    "CO2": 0.045357063342728134,
    "HCO": 7.726421745558307e-07,
    "CH2O": 3.2349800588905868e-06,
    "CH2OH": 3.8611263341064703e-10,
    "CH3O": 4.892224387527668e-12,
    "CH3OH": 1.1056549537307159e-08,
    "C2H": 1.235499405601842e-14,
    "C2H2": 3.20739375129326e-09,
    "C2H3": 1.1759104580862152e-12,
    "C2H4": 6.439243960014433e-10,
    "C2H5": 3.3832988810473266e-13,
    "C2H6": 9.05236525693247e-12,
    "HCCO": 6.184323163926702e-12,
    "CH2CO": 3.580855051514055e-09,
    "HCCOH": 1.2346668871818485e-12,
    "N": 2.285232701389923e-11,
    "NH": 7.608150687156163e-10,
    "NH2": 8.676718463104514e-08,
    "NH3": 0.00012279148668635804,
    "NNH": 1.1477835696057072e-10,
    "NO": 9.655274250812811e-08,
    "NO2": 4.48418764608101e-14,
    "N2O": 2.3337617836389097e-12,
    "HNO": 1.2116759136558965e-10,
    "CN": 5.551910144172319e-11,
    "HCN": 1.2706057034643178e-05,
    "H2CN": 1.2052642982259332e-10,
    "HCNN": 1.3056616002200337e-17,
    "HCNO": 7.880186679008694e-14,
    "HOCN": 3.75127337413921e-09,
    "HNCO": 2.7711521482702987e-06,
    "NCO": 2.053506601703179e-10,
    "N2": 0.009022716607137838,
    "AR": 2.9775749705360554e-26,
    "C3H7": 3.703526686884239e-19,
    "C3H8": 9.498630220766872e-18,
    "CH2CHO": 6.865740110375824e-13,
    "CH3CHO": 2.252197577660395e-11
  },
  "targets_available": false,
  "files_used": {
    "axial_profiles": "D:/Thesis/Master_Thesis/hp_pox_0d_1d/hp_pox_results_reduced/A_case4_richter/axial_profiles.csv",
    "kpis": "D:/Thesis/Master_Thesis/hp_pox_0d_1d/hp_pox_results_reduced/A_case4_richter/kpis.json",
    "outlet_composition": null
  }
}