{
  "case_id": "A_case1_richter",
  "h2_co_ratio": 1.9217227932481225,
  "psr_temperature_C": 1610.7968650856724,
  "pfr_outlet_temperature_C": 1362.326945210807,
  "ignition_length_peak_m": 2.32,
  "ignition_length_threshold_m": 2.32,
  "residence_time_s": 13.035020810097517,
  "Q_burner_kW": 34.29,
  "species_columns": [
    "X_H2",
    "X_H",
    "X_O",
    "X_O2",
    "X_OH",
    "X_H2O",
    "X_HO2",
    "X_H2O2",
    "X_C",
    "X_CH",
    "X_CH2",
    "X_CH2(S)",
    "X_CH3",
    "X_CH4",
    "X_CO",
    "X_CO2",
    "X_HCO",
    "X_CH2O",
    "X_CH2OH",
    "X_CH3O",
    "X_CH3OH",
    "X_C2H",
    "X_C2H2",
    "X_C2H3",
    "X_C2H4",
    "X_C2H5",
    "X_C2H6",
    "X_HCCO",
    "X_CH2CO",
    "X_HCCOH",
    "X_N",
    "X_NH",
    "X_NH2",
    "X_NH3",
    "X_NNH",
    "X_NO",
    "X_NO2",
    "X_N2O",
    "X_HNO",
    "X_CN",
    "X_HCN",
    "X_H2CN",
    "X_HCNN",
    "X_HCNO",
    "X_HOCN",
    "X_HNCO",
    "X_NCO",
    "X_N2",
    "X_AR",
    "X_C3H7",
    "X_C3H8",
    "X_CH2CHO",
    "X_CH3CHO"
  ],
  "species_mapping": {
    "H2": "X_H2",
    "H": "X_H",
    "O": "X_O",
    "O2": "X_O2",
    "OH": "X_OH",
    "H2O": "X_H2O",
    "HO2": "X_HO2",
    "H2O2": "X_H2O2",
    "C": "X_C",
    "CH": "X_CH",
    "CH2": "X_CH2",
    "CH2(S)": "X_CH2(S)",
    "CH3": "X_CH3",
    "CH4": "X_CH4",
    "CO": "X_CO",
    "CO2": "X_CO2",
    "HCO": "X_HCO",
    "CH2O": "X_CH2O",
    "CH2OH": "X_CH2OH",
    "CH3O": "X_CH3O",
    "CH3OH": "X_CH3OH",
    "C2H": "X_C2H",
    "C2H2": "X_C2H2",
    "C2H3": "X_C2H3",
    "C2H4": "X_C2H4",
    "C2H5": "X_C2H5",
    "C2H6": "X_C2H6",
    "HCCO": "X_HCCO",
    "CH2CO": "X_CH2CO",
    "HCCOH": "X_HCCOH",
    "N": "X_N",
    "NH": "X_NH",
    "NH2": "X_NH2",
    "NH3": "X_NH3",
    "NNH": "X_NNH",
    "NO": "X_NO",
    "NO2": "X_NO2",
    "N2O": "X_N2O",
    "HNO": "X_HNO",
    "CN": "X_CN",
    "HCN": "X_HCN",
    "H2CN": "X_H2CN",
    "HCNN": "X_HCNN",
    "HCNO": "X_HCNO",
    "HOCN": "X_HOCN",
    "HNCO": "X_HNCO",
    "NCO": "X_NCO",
    "N2": "X_N2",
    "AR": "X_AR",
    "C3H7": "X_C3H7",
    "C3H8": "X_C3H8",
    "CH2CHO": "X_CH2CHO",
    "CH3CHO": "X_CH3CHO"
  },
  "dry_basis_computed": true,
  "sim_dry": {
    "H2": 0.6256311059256651,
    "H": 9.772302272983437e-06,
    "O": 2.124327284881432e-12,
    "O2": 3.7843719579450946e-13,
    "OH": 1.6598294519818707e-07,
    "HO2": 2.9027393511014514e-15,
    "H2O2": 4.1286262451115284e-13,
    "C": 1.0138056221372957e-18,
    "CH": 1.4535713164684758e-16,
    "CH2": 2.1458707191018925e-12,
    "CH2(S)": 6.461639837907003e-14,
    "CH3": 1.4286217927958825e-07,
    "CH4": 0.0004505168676918618,
    "CO": 0.32555741552516776,
    "CO2": 0.04049108496402028,
    "HCO": 1.2769039235667106e-07,
    "CH2O": 3.55697148431906e-06,
    "CH2OH": 1.4629273416111967e-10,
    "CH3O": 1.3094007863445906e-12,
    "CH3OH": 4.426298583931286e-08,
    "C2H": 6.335170986897314e-16,
    "C2H2": 1.0015049870106788e-08,
    "C2H3": 1.8212055107450995e-12,
    "C2H4": 2.0888489108350048e-08,
    "C2H5": 5.5022407732178214e-12,
    "C2H6": 1.7950613206351966e-09,
    "HCCO": 1.2785911082802374e-12,
    "CH2CO": 1.167787465289415e-08,
    "HCCOH": 7.819636369818309e-13,
    "N": 6.229451979649455e-14,
    "NH": 9.463189994201624e-12,
    "NH2": 8.500296392486522e-09,
    "NH3": 0.000228971560135657,
    "NNH": 5.382004972418768e-12,
    "NO": 9.208152393303251e-10,
    "NO2": 2.8955600335413904e-17,
    "N2O": 1.687685505139239e-14,
    "HNO": 1.0526175738959379e-12,
    "CN": 1.8818120362925393e-12,
    "HCN": 1.755882932672272e-05,
    "H2CN": 4.640201986238623e-11,
    "HCNN": 3.046358600059774e-19,
    "HCNO": 2.201639639860654e-15,
    "HOCN": 1.0098292273051402e-09,
    "HNCO": 2.518815074270044e-06,
    "NCO": 8.632183662823664e-12,
    "N2": 0.0076069620250541,
    "AR": 4.595316107359379e-26,
    "C3H7": 5.674428604304742e-17,
    "C3H8": 1.8056498624546818e-14,
    "CH2CHO": 1.0476239010219957e-12,
    "CH3CHO": 3.7211139868350866e-10
  },
  "targets_available": false,
  "files_used": {
    "axial_profiles": "D:/Thesis/Master_Thesis/hp_pox_0d_1d/hp_pox_results_reduced/A_case1_richter/axial_profiles.csv",
    "kpis": "D:/Thesis/Master_Thesis/hp_pox_0d_1d/hp_pox_results_reduced/A_case1_richter/kpis.json",
    "outlet_composition": null
  }
}