{
  "case_id": "B_case1_134L",
  "h2_co_ratio": 2.298580866670806,
  "psr_temperature_C": 1026.85,
  "pfr_outlet_temperature_C": 1176.199846878898,
  "ignition_length_peak_m": 0.0,
  "ignition_length_threshold_m": 1.0,
  "residence_time_s": 3.8592647540041596,
  "Q_burner_kW": 34.29,
  "species_columns": [
    "X_N2",
    "X_AR",
    "X_HE",
    "X_H",
    "X_O2",
    "X_OH",
    "X_O",
    "X_H2",
    "X_H2O",
    "X_HO2",
    "X_H2O2",
    "X_CO",
    "X_CO2",
    "X_HCO",
    "X_CH3",
    "X_CH4",
    "X_CH2O",
    "X_T-CH2",
    "X_S-CH2",
    "X_C2H4",
    "X_CH3O",
    "X_C2H5",
    "X_C2H6",
    "X_CH",
    "X_C2H2",
    "X_C2H4OOH",
    "X_OC2H3OOH",
    "X_C2H3",
    "X_CH2CHO",
    "X_C2H4O",
    "X_HCCO",
    "X_CH2CO",
    "X_C2H",
    "X_CH2OH",
    "X_CH3OH",
    "X_CH3CHO",
    "X_CH3CO",
    "X_C2H5OH",
    "X_CH2CH2OH",
    "X_CH3CHOH",
    "X_CH3CH2O",
    "X_C3H4",
    "X_C3H3",
    "X_C3H5",
    "X_C3H6",
    "X_C3H8",
    "X_I-C3H7",
    "X_N-C3H7",
    "X_C3H6OOH",
    "X_OC3H5OOH",
    "X_C4H10",
    "X_PC4H9",
    "X_SC4H9",
    "X_C4H8",
    "X_SC4H9O2",
    "X_C4H8OOH1-3",
    "X_NC4KET13"
  ],
  "species_mapping": {
    "N2": "X_N2",
    "AR": "X_AR",
    "HE": "X_HE",
    "H": "X_H",
    "O2": "X_O2",
    "OH": "X_OH",
    "O": "X_O",
    "H2": "X_H2",
    "H2O": "X_H2O",
    "HO2": "X_HO2",
    "H2O2": "X_H2O2",
    "CO": "X_CO",
    "CO2": "X_CO2",
    "HCO": "X_HCO",
    "CH3": "X_CH3",
    "CH4": "X_CH4",
    "CH2O": "X_CH2O",
    "T-CH2": "X_T-CH2",
    "S-CH2": "X_S-CH2",
    "C2H4": "X_C2H4",
    "CH3O": "X_CH3O",
    "C2H5": "X_C2H5",
    "C2H6": "X_C2H6",
    "CH": "X_CH",
    "C2H2": "X_C2H2",
    "C2H4OOH": "X_C2H4OOH",
    "OC2H3OOH": "X_OC2H3OOH",
    "C2H3": "X_C2H3",
    "CH2CHO": "X_CH2CHO",
    "C2H4O": "X_C2H4O",
    "HCCO": "X_HCCO",
    "CH2CO": "X_CH2CO",
    "C2H": "X_C2H",
    "CH2OH": "X_CH2OH",
    "CH3OH": "X_CH3OH",
    "CH3CHO": "X_CH3CHO",
    "CH3CO": "X_CH3CO",
    "C2H5OH": "X_C2H5OH",
    "CH2CH2OH": "X_CH2CH2OH",
    "CH3CHOH": "X_CH3CHOH",
    "CH3CH2O": "X_CH3CH2O",
    "C3H4": "X_C3H4",
    "C3H3": "X_C3H3",
    "C3H5": "X_C3H5",
    "C3H6": "X_C3H6",
    "C3H8": "X_C3H8",
    "I-C3H7": "X_I-C3H7",
    "N-C3H7": "X_N-C3H7",
    "C3H6OOH": "X_C3H6OOH",
    "OC3H5OOH": "X_OC3H5OOH",
    "C4H10": "X_C4H10",
    "PC4H9": "X_PC4H9",
    "SC4H9": "X_SC4H9",
    "C4H8": "X_C4H8",
    "SC4H9O2": "X_SC4H9O2",
    "C4H8OOH1-3": "X_C4H8OOH1-3",
    "NC4KET13": "X_NC4KET13"
  },
  "dry_basis_computed": true,
  "sim_dry": {
    "N2": 0.0044745485197778614,
    "AR": 3.6716923826581247e-31,
    "HE": 1.962492419294921e-29,
    "H": 1.0462733656595717e-06,
    "O2": 1.459925504009706e-15,
    "OH": 7.72718797003976e-09,
    "O": 1.120944753152765e-14,
    "H2": 0.5484245123382337,
    "HO2": 1.0551559628327596e-17,
    "H2O2": 5.6091862465494205e-15,
    "CO": 0.23859265527279666,
    "CO2": 0.026696702644180337,
    "HCO": 2.2076373753138434e-08,
    "CH3": 6.919852548755752e-06,
    "CH4": 0.18019843503583913,
    "CH2O": 2.6643874971903322e-06,
    "T-CH2": 1.0222131504406565e-11,
    "S-CH2": 2.138421130182999e-13,
    "C2H4": 0.0005168951995895782,
    "CH3O": 8.238346072847186e-13,
    "C2H5": 7.305934087758402e-08,
    "C2H6": 0.00016254358870468853,
    "CH": 6.016950029662097e-17,
    "C2H2": 4.440795066008906e-05,
    "C2H4OOH": 5.389982828873892e-24,
    "OC2H3OOH": 2.8314850443542304e-25,
    "C2H3": 4.292986565942448e-09,
    "CH2CHO": 6.569986179151784e-11,
    "C2H4O": 0.0008740005097044591,
    "HCCO": 1.2642375384795503e-11,
    "CH2CO": 1.0132695934334285e-06,
    "C2H": 1.1522389938510483e-13,
    "CH2OH": 1.1205740945754796e-10,
    "CH3OH": 3.793074441109938e-07,
    "CH3CHO": 2.1110594330025e-07,
    "CH3CO": 6.020693794582765e-10,
    "C2H5OH": 2.8068003451747742e-08,
    "CH2CH2OH": 5.333980682111103e-12,
    "CH3CHOH": 1.5410813361976699e-12,
    "CH3CH2O": 4.024825279763889e-15,
    "C3H4": 3.2048085437571417e-07,
    "C3H3": 6.77343750733913e-09,
    "C3H5": 1.4216891213753268e-08,
    "C3H6": 2.1416808009453307e-06,
    "C3H8": 4.2740482078709265e-07,
    "I-C3H7": 2.5642599169687194e-10,
    "N-C3H7": 2.2603059792954496e-10,
    "C3H6OOH": 5.038245690349136e-26,
    "OC3H5OOH": 1.2332913795731354e-27,
    "C4H10": 8.870267090506815e-10,
    "PC4H9": 3.666642872145945e-13,
    "SC4H9": 1.0989110200435705e-12,
    "C4H8": 1.6781733050167507e-08,
    "SC4H9O2": 5.880029165782432e-28,
    "C4H8OOH1-3": 2.915023593905615e-29,
    "NC4KET13": 1.2049083183130665e-28
  },
  "targets_available": false,
  "files_used": {
    "axial_profiles": "hp_pox_results_sandiego/B_case1_134L/axial_profiles.csv",
    "kpis": "hp_pox_results_sandiego/B_case1_134L/kpis.json",
    "outlet_composition": null
  }
}