{
  "case_id": "B_case4_134L",
  "h2_co_ratio": 2.211369044702022,
  "psr_temperature_C": 1026.85,
  "pfr_outlet_temperature_C": 1225.8349695072293,
  "ignition_length_peak_m": 0.0,
  "ignition_length_threshold_m": 0.001,
  "residence_time_s": 3.806175401803948,
  "Q_burner_kW": 36.36,
  "species_columns": [
    "X_H2",
    "X_H",
    "X_O",
    "X_O2",
    "X_OH",
    "X_H2O",
    "X_HO2",
    "X_H2O2",
    "X_C",
    "X_CH",
    "X_CH2",
    "X_CH2(S)",
    "X_CH3",
    "X_CH4",
    "X_CO",
    "X_CO2",
    "X_HCO",
    "X_CH2O",
    "X_CH2OH",
    "X_CH3O",
    "X_CH3OH",
    "X_C2H",
    "X_C2H2",
    "X_C2H3",
    "X_C2H4",
    "X_C2H5",
    "X_C2H6",
    "X_HCCO",
    "X_CH2CO",
    "X_HCCOH",
    "X_N",
    "X_NH",
    "X_NH2",
    "X_NH3",
    "X_NNH",
    "X_NO",
    "X_NO2",
    "X_N2O",
    "X_HNO",
    "X_CN",
    "X_HCN",
    "X_H2CN",
    "X_HCNN",
    "X_HCNO",
    "X_HOCN",
    "X_HNCO",
    "X_NCO",
    "X_N2",
    "X_AR",
    "X_C3H7",
    "X_C3H8",
    "X_CH2CHO",
    "X_CH3CHO"
  ],
  "species_mapping": {
    "H2": "X_H2",
    "H": "X_H",
    "O": "X_O",
    "O2": "X_O2",
    "OH": "X_OH",
    "H2O": "X_H2O",
    "HO2": "X_HO2",
    "H2O2": "X_H2O2",
    "C": "X_C",
    "CH": "X_CH",
    "CH2": "X_CH2",
    "CH2(S)": "X_CH2(S)",
    "CH3": "X_CH3",
    "CH4": "X_CH4",
    "CO": "X_CO",
    "CO2": "X_CO2",
    "HCO": "X_HCO",
    "CH2O": "X_CH2O",
    "CH2OH": "X_CH2OH",
    "CH3O": "X_CH3O",
    "CH3OH": "X_CH3OH",
    "C2H": "X_C2H",
    "C2H2": "X_C2H2",
    "C2H3": "X_C2H3",
    "C2H4": "X_C2H4",
    "C2H5": "X_C2H5",
    "C2H6": "X_C2H6",
    "HCCO": "X_HCCO",
    "CH2CO": "X_CH2CO",
    "HCCOH": "X_HCCOH",
    "N": "X_N",
    "NH": "X_NH",
    "NH2": "X_NH2",
    "NH3": "X_NH3",
    "NNH": "X_NNH",
    "NO": "X_NO",
    "NO2": "X_NO2",
    "N2O": "X_N2O",
    "HNO": "X_HNO",
    "CN": "X_CN",
    "HCN": "X_HCN",
    "H2CN": "X_H2CN",
    "HCNN": "X_HCNN",
    "HCNO": "X_HCNO",
    "HOCN": "X_HOCN",
    "HNCO": "X_HNCO",
    "NCO": "X_NCO",
    "N2": "X_N2",
    "AR": "X_AR",
    "C3H7": "X_C3H7",
    "C3H8": "X_C3H8",
    "CH2CHO": "X_CH2CHO",
    "CH3CHO": "X_CH3CHO"
  },
  "dry_basis_computed": true,
  "sim_dry": {
    "H2": 0.583934263200203,
    "H": 1.9975899592178317e-06,
    "O": 4.0071495692593945e-14,
    "O2": 4.402590614788262e-15,
    "OH": 1.3566430972957832e-08,
    "HO2": 3.234789952498558e-17,
    "H2O2": 1.2895165756012707e-14,
    "C": 1.0970537450927062e-18,
    "CH": 3.654591343884269e-16,
    "CH2": 2.2669654042002094e-11,
    "CH2(S)": 5.187350074697552e-13,
    "CH3": 8.47178495685579e-06,
    "CH4": 0.12248695483648883,
    "CO": 0.2640600693037589,
    "CO2": 0.024399003703693405,
    "HCO": 3.8218302203327297e-08,
    "CH2O": 3.1052314651072467e-06,
    "CH2OH": 1.0918488066966533e-10,
    "CH3O": 9.185081812947589e-13,
    "CH3OH": 2.090924818293694e-07,
    "C2H": 3.2775515778257826e-13,
    "C2H2": 5.122836664549341e-05,
    "C2H3": 6.11398660670166e-09,
    "C2H4": 0.0003813972598804425,
    "C2H5": 6.638033476913117e-08,
    "C2H6": 8.670209386206349e-05,
    "HCCO": 2.2616607721260236e-11,
    "CH2CO": 9.582919943457739e-07,
    "HCCOH": 9.132634252796234e-10,
    "N": 1.733975014201203e-19,
    "NH": 1.4224143081329982e-17,
    "NH2": 4.097139816824001e-14,
    "NH3": 5.671083343476631e-09,
    "NNH": 6.232806911172775e-13,
    "NO": 9.734372825107691e-16,
    "NO2": 5.100046118072691e-24,
    "N2O": 4.0852620097271657e-16,
    "HNO": 9.844163103655575e-19,
    "CN": 8.469119164904119e-18,
    "HCN": 6.256452058894683e-10,
    "H2CN": 7.857564258724441e-16,
    "HCNN": 1.2092957272398026e-18,
    "HCNO": 2.3117018074944846e-20,
    "HOCN": 8.800437008412054e-15,
    "HNCO": 3.7818758728105e-11,
    "NCO": 2.3506126590302253e-17,
    "N2": 0.004585277925149302,
    "AR": 3.571383095958532e-31,
    "C3H7": 1.2628410787836813e-10,
    "C3H8": 1.6263969374045122e-07,
    "CH2CHO": 5.3947588639390867e-11,
    "CH3CHO": 6.681570112776729e-08
  },
  "targets_available": false,
  "files_used": {
    "axial_profiles": "hp_pox_results_gri/B_case4_134L/axial_profiles.csv",
    "kpis": "hp_pox_results_gri/B_case4_134L/kpis.json",
    "outlet_composition": null
  }
}