{
  "h2_co_ratio": 1.865595724122301,
  "ch4_conversion": 90.9066294884864,
  "co2_conversion": 1.8375717832612364,
  "ignition_length_peak_m": 2.32,
  "ignition_length_thresh_m": 2.32,
  "pressure_drop_Pa": 0.01676632184535265,
  "residence_time_total_s": 13.285653123707407,
  "residence_time_psr_s": 0.4873195997617487,
  "outlet_temperature_K": 980.510840323336,
  "outlet_temperature_C": 707.360840323336,
  "outlet_pressure_Pa": 5099999.983233678,
  "outlet_pressure_bar": 50.99999983233678,
  "dry_composition": {
    "H2": 46.41545542240485,
    "CO": 24.879696507796044,
    "CO2": 2.5211449316554577,
    "CH4": 10.103822631855103,
    "N2": 0.22669419962205267
  },
  "composition_errors": {
    "H2": {
      "expected": 48.27,
      "actual": 46.41545542240485,
      "error": 1.8545445775951563
    },
    "CO": {
      "expected": 23.79,
      "actual": 24.879696507796044,
      "error": 1.0896965077960452
    },
    "CO2": {
      "expected": 4.19,
      "actual": 2.5211449316554577,
      "error": 1.6688550683445427
    },
    "CH4": {
      "expected": 3.76,
      "actual": 10.103822631855103,
      "error": 6.343822631855103
    },
    "N2": {
      "expected": 0.65,
      "actual": 0.22669419962205267,
      "error": 0.42330580037794735
    }
  }
}