{
  "case_id": "A_case4_richter",
  "h2_co_ratio": 1.7069506135788048,
  "psr_temperature_C": 2045.7413065750688,
  "pfr_outlet_temperature_C": 1677.707234091013,
  "ignition_length_peak_m": 0.007,
  "ignition_length_threshold_m": 2.32,
  "residence_time_s": 12.229123334156174,
  "Q_burner_kW": 36.36,
  "species_columns": [
    "X_H2",
    "X_H",
    "X_O",
    "X_O2",
    "X_OH",
    "X_H2O",
    "X_HO2",
    "X_H2O2",
    "X_C",
    "X_CH",
    "X_CH2",
    "X_CH2(S)",
    "X_CH3",
    "X_CH4",
    "X_CO",
    "X_CO2",
    "X_HCO",
    "X_CH2O",
    "X_CH2OH",
    "X_CH3O",
    "X_CH3OH",
    "X_C2H",
    "X_C2H2",
    "X_C2H3",
    "X_C2H4",
    "X_C2H5",
    "X_C2H6",
    "X_HCCO",
    "X_CH2CO",
    "X_HCCOH",
    "X_N",
    "X_NH",
    "X_NH2",
    "X_NH3",
    "X_NNH",
    "X_NO",
    "X_NO2",
    "X_N2O",
    "X_HNO",
    "X_CN",
    "X_HCN",
    "X_H2CN",
    "X_HCNN",
    "X_HCNO",
    "X_HOCN",
    "X_HNCO",
    "X_NCO",
    "X_N2",
    "X_AR",
    "X_C3H7",
    "X_C3H8",
    "X_CH2CHO",
    "X_CH3CHO"
  ],
  "species_mapping": {
    "H2": "X_H2",
    "H": "X_H",
    "O": "X_O",
    "O2": "X_O2",
    "OH": "X_OH",
    "H2O": "X_H2O",
    "HO2": "X_HO2",
    "H2O2": "X_H2O2",
    "C": "X_C",
    "CH": "X_CH",
    "CH2": "X_CH2",
    "CH2(S)": "X_CH2(S)",
    "CH3": "X_CH3",
    "CH4": "X_CH4",
    "CO": "X_CO",
    "CO2": "X_CO2",
    "HCO": "X_HCO",
    "CH2O": "X_CH2O",
    "CH2OH": "X_CH2OH",
    "CH3O": "X_CH3O",
    "CH3OH": "X_CH3OH",
    "C2H": "X_C2H",
    "C2H2": "X_C2H2",
    "C2H3": "X_C2H3",
    "C2H4": "X_C2H4",
    "C2H5": "X_C2H5",
    "C2H6": "X_C2H6",
    "HCCO": "X_HCCO",
    "CH2CO": "X_CH2CO",
    "HCCOH": "X_HCCOH",
    "N": "X_N",
    "NH": "X_NH",
    "NH2": "X_NH2",
    "NH3": "X_NH3",
    "NNH": "X_NNH",
    "NO": "X_NO",
    "NO2": "X_NO2",
    "N2O": "X_N2O",
    "HNO": "X_HNO",
    "CN": "X_CN",
    "HCN": "X_HCN",
    "H2CN": "X_H2CN",
    "HCNN": "X_HCNN",
    "HCNO": "X_HCNO",
    "HOCN": "X_HOCN",
    "HNCO": "X_HNCO",
    "NCO": "X_NCO",
    "N2": "X_N2",
    "AR": "X_AR",
    "C3H7": "X_C3H7",
    "C3H8": "X_C3H8",
    "CH2CHO": "X_CH2CHO",
    "CH3CHO": "X_CH3CHO"
  },
  "dry_basis_computed": true,
  "sim_dry": {
    "H2": 0.5961079656331418,
    "H": 0.0001454169458094064,
    "O": 1.3612906251069604e-09,
    "O2": 3.3732134146606214e-10,
    "OH": 7.540411988179915e-06,
    "HO2": 2.6885633374396452e-12,
    "H2O2": 6.05869217527281e-11,
    "C": 8.540884776729426e-16,
    "CH": 2.626530278966768e-14,
    "CH2": 3.0079231471807274e-11,
    "CH2(S)": 1.3790223026228526e-12,
    "CH3": 9.821985824820756e-08,
    "CH4": 2.0311017799007083e-05,
    "CO": 0.34922390893509075,
    "CO2": 0.04533582246584091,
    "HCO": 7.715678403564558e-07,
    "CH2O": 3.235533067894412e-06,
    "CH2OH": 3.8588042382900047e-10,
    "CH3O": 4.887920537492575e-12,
    "CH3OH": 1.1071311315731617e-08,
    "C2H": 1.2344672918437725e-14,
    "C2H2": 3.2153595417582224e-09,
    "C2H3": 1.1782324937060622e-12,
    "C2H4": 6.467849726301555e-10,
    "C2H5": 3.396296385794622e-13,
    "C2H6": 9.10392933207419e-12,
    "HCCO": 6.1804732736195285e-12,
    "CH2CO": 3.5866777417648657e-09,
    "HCCOH": 1.2356617673882493e-12,
    "N": 2.1210322418939815e-11,
    "NH": 7.070211520395276e-10,
    "NH2": 8.076176079617601e-08,
    "NH3": 0.00011456692868657244,
    "NNH": 1.1456221806522534e-10,
    "NO": 8.967035838114752e-08,
    "NO2": 4.1542914640953093e-14,
    "N2O": 2.1446629734955212e-12,
    "HNO": 1.1252948941025596e-10,
    "CN": 5.1647807087058625e-11,
    "HCN": 1.1855536828272594e-05,
    "H2CN": 1.1235259211142409e-10,
    "HCNN": 1.3032433935037115e-17,
    "HCNO": 7.328033507840588e-14,
    "HOCN": 3.4945642257685017e-09,
    "HNCO": 2.5840272275557742e-06,
    "NCO": 1.9100627002306244e-10,
    "N2": 0.009025726791944931,
    "AR": 4.847146530201068e-31,
    "C3H7": 3.7269046344502528e-19,
    "C3H8": 9.577807039487434e-18,
    "CH2CHO": 6.873251033364966e-13,
    "CH3CHO": 2.2590936873573988e-11
  },
  "targets_available": false,
  "files_used": {
    "axial_profiles": "D:/Thesis/Master_Thesis/hp_pox_0d_1d/hp_pox_results_griv2/A_case4_richter/axial_profiles.csv",
    "kpis": "D:/Thesis/Master_Thesis/hp_pox_0d_1d/hp_pox_results_griv2/A_case4_richter/kpis.json",
    "outlet_composition": null
  }
}