generation,individual,pv_error,delay_diff,size_penalty,tau_mismatch,spec_err,reason,keep_count,delta_T,delta_Y,delay_red,fitness
0,0,1.0,1.0,0.0,0.0,0.0,"no_reaction: dT=-1.14e-06, max|ΔY|=1.05e-10",22,0.0,0.0,0.0,-1000000.0
0,1,1.0,1.0,0.0,0.0,0.0,"no_reaction: dT=-1.14e-06, max|ΔY|=1.05e-10",22,0.0,0.0,0.0,-1000000.0
0,2,1.0,1.0,0.0,0.0,0.0,"no_reaction: dT=-3.59, max|ΔY|=0.000769",22,0.0,0.0,0.0,-1000000.0
0,3,1.0,1.0,0.0,0.0,0.0,"no_reaction: dT=-2.66e-06, max|ΔY|=3.08e-10",22,0.0,0.0,0.0,-1000000.0
0,4,1.0,1.0,0.0,0.0,0.0,"no_reaction: dT=-1.14e-06, max|ΔY|=1.05e-10",22,0.0,0.0,0.0,-1000000.0
0,5,1.0,1.0,0.0,0.0,0.0,"no_reaction: dT=-2.66e-06, max|ΔY|=3.08e-10",22,0.0,0.0,0.0,-1000000.0
0,6,1.0,1.0,0.0,0.0,0.0,"no_reaction: dT=-1.14e-06, max|ΔY|=1.05e-10",22,0.0,0.0,0.0,-1000000.0
0,7,1.0,1.0,0.0,0.0,0.0,"no_reaction: dT=-2.66e-06, max|ΔY|=3.08e-10",22,0.0,0.0,0.0,-1000000.0
0,8,1.0,1.0,0.0,0.0,0.0,"no_reaction: dT=-2.66e-06, max|ΔY|=3.08e-10",22,0.0,0.0,0.0,-1000000.0
0,9,0.9999956111847,3.2762601142950647,0.04955500177999287,145.581571540593,71759305298.003,,22,1.7629159445223195,0.0009248138520246141,0.005,-143518610775.39975
0,10,1.0,1.0,0.0,0.0,0.0,"no_reaction: dT=-2.66e-06, max|ΔY|=3.08e-10",22,0.0,0.0,0.0,-1000000.0
0,11,1.0,1.0,0.0,0.0,0.0,"no_reaction: dT=-1.14e-06, max|ΔY|=1.05e-10",22,0.0,0.0,0.0,-1000000.0
0,12,1.0,1.0,0.0,0.0,0.0,"no_reaction: dT=-2.66e-06, max|ΔY|=3.08e-10",22,0.0,0.0,0.0,-1000000.0
0,13,1.0,1.0,0.0,0.0,0.0,"no_reaction: dT=-1.14e-06, max|ΔY|=1.05e-10",22,0.0,0.0,0.0,-1000000.0
0,14,1.0,1.0,0.0,0.0,0.0,"no_reaction: dT=-1.14e-06, max|ΔY|=1.05e-10",22,0.0,0.0,0.0,-1000000.0
0,15,1.0,1.0,0.0,0.0,0.0,"no_reaction: dT=-2.66e-06, max|ΔY|=3.08e-10",20,0.0,0.0,0.0,-1000000.0
0,16,1.0,1.0,0.0,0.0,0.0,"no_reaction: dT=-2.66e-06, max|ΔY|=3.08e-10",22,0.0,0.0,0.0,-1000000.0
0,17,1.0,1.0,0.0,0.0,0.0,"no_reaction: dT=-1.14e-06, max|ΔY|=1.05e-10",22,0.0,0.0,0.0,-1000000.0
0,18,1.0,1.0,0.0,0.0,0.0,"no_reaction: dT=-2.66e-06, max|ΔY|=3.08e-10",22,0.0,0.0,0.0,-1000000.0
0,19,1.0,1.0,0.0,0.0,0.0,"no_reaction: dT=-2.66e-06, max|ΔY|=3.08e-10",22,0.0,0.0,0.0,-1000000.0
0,20,1.0,1.0,0.0,0.0,0.0,"no_reaction: dT=-1.14e-06, max|ΔY|=1.05e-10",22,0.0,0.0,0.0,-1000000.0
0,21,1.0,1.0,0.0,0.0,0.0,"no_reaction: dT=-2.66e-06, max|ΔY|=3.08e-10",22,0.0,0.0,0.0,-1000000.0
0,22,1.0,1.0,0.0,0.0,0.0,"no_reaction: dT=-1.14e-06, max|ΔY|=1.05e-10",22,0.0,0.0,0.0,-1000000.0
0,23,1.0,1.0,0.0,0.0,0.0,"no_reaction: dT=-2.66e-06, max|ΔY|=3.08e-10",22,0.0,0.0,0.0,-1000000.0
0,24,1.0,1.0,0.0,0.0,0.0,"no_reaction: dT=-2.66e-06, max|ΔY|=3.08e-10",22,0.0,0.0,0.0,-1000000.0
0,25,1.0,1.0,0.0,0.0,0.0,"no_reaction: dT=-2.66e-06, max|ΔY|=3.08e-10",22,0.0,0.0,0.0,-1000000.0
0,26,1.0,1.0,0.0,0.0,0.0,"no_reaction: dT=-1.14e-06, max|ΔY|=1.05e-10",22,0.0,0.0,0.0,-1000000.0
0,27,1.0,1.0,0.0,0.0,0.0,"no_reaction: dT=-1.14e-06, max|ΔY|=1.05e-10",22,0.0,0.0,0.0,-1000000.0
0,28,0.9999956080393668,3.2762601142950647,0.04955500177999287,145.58127702627814,71759254457.7148,,22,1.7624394972017399,0.0009249088291576474,0.005,-143518509094.82303
0,29,1.0,1.0,0.0,0.0,0.0,"no_reaction: dT=-1.14e-06, max|ΔY|=1.05e-10",22,0.0,0.0,0.0,-1000000.0
1,0,1.0,1.0,0.0,0.0,0.0,"no_reaction: dT=-1.14e-06, max|ΔY|=1.05e-10",22,0.0,0.0,0.0,-1000000.0
1,1,1.0,1.0,0.0,0.0,0.0,"no_reaction: dT=-1.14e-06, max|ΔY|=1.05e-10",21,0.0,0.0,0.0,-1000000.0
1,2,1.0,1.0,0.0,0.0,0.0,"no_reaction: dT=-1.14e-06, max|ΔY|=1.05e-10",22,0.0,0.0,0.0,-1000000.0
1,3,1.0,1.0,0.0,0.0,0.0,"no_reaction: dT=-1.14e-06, max|ΔY|=1.05e-10",22,0.0,0.0,0.0,-1000000.0
1,4,0.9999494690261651,3.2762601142950647,0.04955500177999287,105.06182759883863,70732323978.98415,,22,23.179349812641703,0.004011965236036558,0.005,-141464648096.84222
1,5,1.0,1.0,0.0,0.0,0.0,"no_reaction: dT=-2.66e-06, max|ΔY|=3.08e-10",22,0.0,0.0,0.0,-1000000.0
1,6,1.0,1.0,0.0,0.0,0.0,"no_reaction: dT=-1.14e-06, max|ΔY|=1.05e-10",22,0.0,0.0,0.0,-1000000.0
1,7,1.0,1.0,0.0,0.0,0.0,"no_reaction: dT=-3.59, max|ΔY|=0.000769",22,0.0,0.0,0.0,-1000000.0
1,8,1.0,1.0,0.0,0.0,0.0,"no_reaction: dT=-1.14e-06, max|ΔY|=1.05e-10",22,0.0,0.0,0.0,-1000000.0
1,9,1.0,1.0,0.0,0.0,0.0,"no_reaction: dT=-2.66e-06, max|ΔY|=3.08e-10",22,0.0,0.0,0.0,-1000000.0
1,10,1.0,1.0,0.0,0.0,0.0,"no_reaction: dT=-2.66e-06, max|ΔY|=3.08e-10",22,0.0,0.0,0.0,-1000000.0
1,11,0.9999956120994427,3.2762601142950647,0.04955500177999287,145.58846871678486,71759381988.18193,,22,1.7628595005216994,0.000924680666521821,0.005,-143518764155.7645
1,12,1.0,1.0,0.0,0.0,0.0,"no_reaction: dT=-1.14e-06, max|ΔY|=1.05e-10",22,0.0,0.0,0.0,-1000000.0
1,13,1.0,1.0,0.0,0.0,0.0,"no_reaction: dT=-3.58, max|ΔY|=0.000768",22,0.0,0.0,0.0,-1000000.0
1,14,1.0,1.0,0.0,0.0,0.0,"no_reaction: dT=-1.14e-06, max|ΔY|=1.05e-10",22,0.0,0.0,0.0,-1000000.0
1,15,1.0,1.0,0.0,0.0,0.0,"no_reaction: dT=-1.14e-06, max|ΔY|=1.05e-10",22,0.0,0.0,0.0,-1000000.0
1,16,1.0,1.0,0.0,0.0,0.0,"no_reaction: dT=-2.66e-06, max|ΔY|=3.08e-10",22,0.0,0.0,0.0,-1000000.0
1,17,1.0,1.0,0.0,0.0,0.0,"no_reaction: dT=-1.14e-06, max|ΔY|=1.05e-10",22,0.0,0.0,0.0,-1000000.0
1,18,1.0,1.0,0.0,0.0,0.0,"no_reaction: dT=-2.66e-06, max|ΔY|=3.08e-10",22,0.0,0.0,0.0,-1000000.0
1,19,1.0,1.0,0.0,0.0,0.0,"no_reaction: dT=-2.66e-06, max|ΔY|=3.08e-10",22,0.0,0.0,0.0,-1000000.0
1,20,1.0,1.0,0.0,0.0,0.0,"no_reaction: dT=-1.14e-06, max|ΔY|=1.05e-10",22,0.0,0.0,0.0,-1000000.0
1,21,1.0,1.0,0.0,0.0,0.0,"no_reaction: dT=-2.66e-06, max|ΔY|=3.08e-10",22,0.0,0.0,0.0,-1000000.0
1,22,1.0,1.0,0.0,0.0,0.0,"no_reaction: dT=-1.14e-06, max|ΔY|=1.05e-10",22,0.0,0.0,0.0,-1000000.0
1,23,1.0,1.0,0.0,0.0,0.0,"no_reaction: dT=-2.66e-06, max|ΔY|=3.08e-10",22,0.0,0.0,0.0,-1000000.0
1,24,1.0,1.0,0.0,0.0,0.0,"no_reaction: dT=-1.14e-06, max|ΔY|=1.05e-10",22,0.0,0.0,0.0,-1000000.0
1,25,1.0,1.0,0.0,0.0,0.0,"no_reaction: dT=-2.66e-06, max|ΔY|=3.08e-10",22,0.0,0.0,0.0,-1000000.0
1,26,1.0,1.0,0.0,0.0,0.0,"no_reaction: dT=-2.66e-06, max|ΔY|=3.08e-10",22,0.0,0.0,0.0,-1000000.0
1,27,1.0,1.0,0.0,0.0,0.0,"no_reaction: dT=-1.14e-06, max|ΔY|=1.05e-10",22,0.0,0.0,0.0,-1000000.0
1,28,0.9998371556462063,3.2762601142950647,0.04955500177999287,104.40382727833051,70719757669.16975,,22,23.709832950005193,0.004090136504673353,0.005,-141439515476.55533
1,29,1.0,1.0,0.0,0.0,0.0,"no_reaction: dT=-2.66e-06, max|ΔY|=3.08e-10",22,0.0,0.0,0.0,-1000000.0
2,0,1.0,1.0,0.0,0.0,0.0,"no_reaction: dT=-2.66e-06, max|ΔY|=3.08e-10",22,0.0,0.0,0.0,-1000000.0
2,1,1.0,1.0,0.0,0.0,0.0,"no_reaction: dT=-1.14e-06, max|ΔY|=1.05e-10",22,0.0,0.0,0.0,-1000000.0
2,2,1.0,1.0,0.0,0.0,0.0,"no_reaction: dT=-1.14e-06, max|ΔY|=1.05e-10",22,0.0,0.0,0.0,-1000000.0
2,3,1.0,1.0,0.0,0.0,0.0,"no_reaction: dT=-1.14e-06, max|ΔY|=1.05e-10",22,0.0,0.0,0.0,-1000000.0
2,4,1.0,1.0,0.0,0.0,0.0,"no_reaction: dT=-2.66e-06, max|ΔY|=3.08e-10",22,0.0,0.0,0.0,-1000000.0
2,5,0.9996412762524226,3.2762601142950647,0.04955500177999287,61.43529074203575,67438879388.67309,,22,136.56183867668688,0.02465404200056892,0.005,-134877758872.59326
2,6,1.0,1.0,0.0,0.0,0.0,"no_reaction: dT=-1.14e-06, max|ΔY|=1.05e-10",20,0.0,0.0,0.0,-1000000.0
2,7,1.0,1.0,0.0,0.0,0.0,"no_reaction: dT=-2.66e-06, max|ΔY|=3.08e-10",22,0.0,0.0,0.0,-1000000.0
2,8,1.0,1.0,0.0,0.0,0.0,"no_reaction: dT=-2.66e-06, max|ΔY|=3.08e-10",22,0.0,0.0,0.0,-1000000.0
2,9,1.0,1.0,0.0,0.0,0.0,"no_reaction: dT=-2.66e-06, max|ΔY|=3.08e-10",22,0.0,0.0,0.0,-1000000.0
2,10,1.0,1.0,0.0,0.0,0.0,"no_reaction: dT=-2.66e-06, max|ΔY|=3.08e-10",22,0.0,0.0,0.0,-1000000.0
2,11,1.0,1.0,0.0,0.0,0.0,"no_reaction: dT=-2.66e-06, max|ΔY|=3.08e-10",22,0.0,0.0,0.0,-1000000.0
2,12,0.9999493900899462,3.2762601142950647,0.04955500177999287,105.03535409573723,70730796256.95969,,22,23.200232163010014,0.0040161676825355985,0.005,-141461592652.76685
2,13,1.0,1.0,0.0,0.0,0.0,"no_reaction: dT=-1.14e-06, max|ΔY|=1.05e-10",22,0.0,0.0,0.0,-1000000.0
2,14,1.0,1.0,0.0,0.0,0.0,"no_reaction: dT=-1.14e-06, max|ΔY|=1.05e-10",22,0.0,0.0,0.0,-1000000.0
2,15,0.9999956115217211,3.2762601142950647,0.04955500177999287,145.58169031292238,71759309134.6717,,22,1.7629489027033287,0.0009248080759400173,0.005,-143518618448.73724
2,16,1.0,1.0,0.0,0.0,0.0,"no_reaction: dT=-1.14e-06, max|ΔY|=1.05e-10",22,0.0,0.0,0.0,-1000000.0
2,17,1.0,1.0,0.0,0.0,0.0,"no_reaction: dT=-2.66e-06, max|ΔY|=3.08e-10",22,0.0,0.0,0.0,-1000000.0
2,18,1.0,1.0,0.0,0.0,0.0,"no_reaction: dT=-1.14e-06, max|ΔY|=1.05e-10",22,0.0,0.0,0.0,-1000000.0
2,19,1.0,1.0,0.0,0.0,0.0,"no_reaction: dT=-1.14e-06, max|ΔY|=1.05e-10",22,0.0,0.0,0.0,-1000000.0
2,20,0.9997826437130469,3.2762601142950647,0.04955500177999287,78.94985905096942,68501982854.67704,,22,59.710742599508194,0.01101629283123165,0.005,-137003965822.11588
2,21,1.0,1.0,0.0,0.0,0.0,"no_reaction: dT=-1.14e-06, max|ΔY|=1.05e-10",22,0.0,0.0,0.0,-1000000.0
2,22,1.0,1.0,0.0,0.0,0.0,"no_reaction: dT=-1.14e-06, max|ΔY|=1.05e-10",22,0.0,0.0,0.0,-1000000.0
2,23,1.0,1.0,0.0,0.0,0.0,"no_reaction: dT=-1.14e-06, max|ΔY|=1.05e-10",22,0.0,0.0,0.0,-1000000.0
2,24,1.0,1.0,0.0,0.0,0.0,"no_reaction: dT=-3.59, max|ΔY|=0.000769",22,0.0,0.0,0.0,-1000000.0
2,25,1.0,1.0,0.0,0.0,0.0,"no_reaction: dT=-1.14e-06, max|ΔY|=1.05e-10",22,0.0,0.0,0.0,-1000000.0
2,26,1.0,1.0,0.0,0.0,0.0,"no_reaction: dT=-1.14e-06, max|ΔY|=1.05e-10",22,0.0,0.0,0.0,-1000000.0
2,27,1.0,1.0,0.0,0.0,0.0,"no_reaction: dT=-1.14e-06, max|ΔY|=1.05e-10",22,0.0,0.0,0.0,-1000000.0
2,28,1.0,1.0,0.0,0.0,0.0,"no_reaction: dT=-2.66e-06, max|ΔY|=3.08e-10",22,0.0,0.0,0.0,-1000000.0
2,29,1.0,1.0,0.0,0.0,0.0,"no_reaction: dT=-1.14e-06, max|ΔY|=1.05e-10",22,0.0,0.0,0.0,-1000000.0
3,0,1.0,1.0,0.0,0.0,0.0,"no_reaction: dT=-1.14e-06, max|ΔY|=1.05e-10",22,0.0,0.0,0.0,-1000000.0
3,1,1.0,1.0,0.0,0.0,0.0,"no_reaction: dT=-1.14e-06, max|ΔY|=1.05e-10",22,0.0,0.0,0.0,-1000000.0
3,2,1.0,1.0,0.0,0.0,0.0,"no_reaction: dT=-2.66e-06, max|ΔY|=3.08e-10",22,0.0,0.0,0.0,-1000000.0
3,3,1.0,1.0,0.0,0.0,0.0,"no_reaction: dT=-1.14e-06, max|ΔY|=1.05e-10",22,0.0,0.0,0.0,-1000000.0
3,4,1.0,1.0,0.0,0.0,0.0,"no_reaction: dT=-1.14e-06, max|ΔY|=1.05e-10",22,0.0,0.0,0.0,-1000000.0
3,5,1.0,1.0,0.0,0.0,0.0,"no_reaction: dT=-1.14e-06, max|ΔY|=1.05e-10",22,0.0,0.0,0.0,-1000000.0
3,6,1.0,1.0,0.0,0.0,0.0,"no_reaction: dT=-1.14e-06, max|ΔY|=1.05e-10",19,0.0,0.0,0.0,-1000000.0
3,7,1.0,1.0,0.0,0.0,0.0,"no_reaction: dT=-1.14e-06, max|ΔY|=1.05e-10",22,0.0,0.0,0.0,-1000000.0
3,8,1.0,1.0,0.0,0.0,0.0,"no_reaction: dT=-1.14e-06, max|ΔY|=1.05e-10",22,0.0,0.0,0.0,-1000000.0
3,9,1.0,1.0,0.0,0.0,0.0,"no_reaction: dT=-1.14e-06, max|ΔY|=1.05e-10",21,0.0,0.0,0.0,-1000000.0
3,10,1.0,1.0,0.0,0.0,0.0,"no_reaction: dT=-1.14e-06, max|ΔY|=1.05e-10",22,0.0,0.0,0.0,-1000000.0
3,11,1.0,1.0,0.0,0.0,0.0,"no_reaction: dT=-1.14e-06, max|ΔY|=1.05e-10",22,0.0,0.0,0.0,-1000000.0
3,12,1.0,1.0,0.0,0.0,0.0,"no_reaction: dT=-1.14e-06, max|ΔY|=1.05e-10",22,0.0,0.0,0.0,-1000000.0
3,13,1.0,1.0,0.0,0.0,0.0,"no_reaction: dT=-1.14e-06, max|ΔY|=1.05e-10",22,0.0,0.0,0.0,-1000000.0
3,14,1.0,1.0,0.0,0.0,0.0,"no_reaction: dT=-2.66e-06, max|ΔY|=3.08e-10",22,0.0,0.0,0.0,-1000000.0
3,15,1.0,1.0,0.0,0.0,0.0,"no_reaction: dT=-2.66e-06, max|ΔY|=3.08e-10",22,0.0,0.0,0.0,-1000000.0
3,16,1.0,1.0,0.0,0.0,0.0,"no_reaction: dT=-3.59, max|ΔY|=0.000769",22,0.0,0.0,0.0,-1000000.0
3,17,1.0,1.0,0.0,0.0,0.0,"no_reaction: dT=-1.14e-06, max|ΔY|=1.05e-10",22,0.0,0.0,0.0,-1000000.0
3,18,1.0,1.0,0.0,0.0,0.0,"no_reaction: dT=-1.14e-06, max|ΔY|=1.05e-10",22,0.0,0.0,0.0,-1000000.0
3,19,1.0,1.0,0.0,0.0,0.0,"no_reaction: dT=-1.14e-06, max|ΔY|=1.05e-10",22,0.0,0.0,0.0,-1000000.0
3,20,1.0,1.0,0.0,0.0,0.0,"no_reaction: dT=-1.14e-06, max|ΔY|=1.05e-10",22,0.0,0.0,0.0,-1000000.0
3,21,1.0,1.0,0.0,0.0,0.0,"no_reaction: dT=-1.14e-06, max|ΔY|=1.05e-10",22,0.0,0.0,0.0,-1000000.0
3,22,1.0,1.0,0.0,0.0,0.0,"no_reaction: dT=-3.58, max|ΔY|=0.000768",22,0.0,0.0,0.0,-1000000.0
3,23,1.0,1.0,0.0,0.0,0.0,"no_reaction: dT=-2.66e-06, max|ΔY|=3.08e-10",22,0.0,0.0,0.0,-1000000.0
3,24,0.5208378468218321,0.5637725077861712,0.04955500177999287,24.24608605112945,28152672465.675114,,22,1247.8897842530782,0.19251503272296785,0.0018284347373522165,-56305344961.80443
3,25,1.0,1.0,0.0,0.0,0.0,"no_reaction: dT=-1.14e-06, max|ΔY|=1.05e-10",22,0.0,0.0,0.0,-1000000.0
3,26,1.0,1.0,0.0,0.0,0.0,"no_reaction: dT=-1.14e-06, max|ΔY|=1.05e-10",22,0.0,0.0,0.0,-1000000.0
3,27,0.9996069847569906,3.2762601142950647,0.04955500177999287,59.7267097653514,67279967883.68166,,22,146.2122078995451,0.02653440418562808,0.005,-134559935860.9018
3,28,1.0,1.0,0.0,0.0,0.0,"no_reaction: dT=-2.66e-06, max|ΔY|=3.08e-10",22,0.0,0.0,0.0,-1000000.0
3,29,1.0,1.0,0.0,0.0,0.0,"no_reaction: dT=-2.66e-06, max|ΔY|=3.08e-10",22,0.0,0.0,0.0,-1000000.0
4,0,1.0,1.0,0.0,0.0,0.0,"no_reaction: dT=-1.14e-06, max|ΔY|=1.05e-10",22,0.0,0.0,0.0,-1000000.0
4,1,1.0,1.0,0.0,0.0,0.0,"no_reaction: dT=-3.58, max|ΔY|=0.000768",22,0.0,0.0,0.0,-1000000.0
4,2,1.0,1.0,0.0,0.0,0.0,"no_reaction: dT=-3.59, max|ΔY|=0.000769",22,0.0,0.0,0.0,-1000000.0
4,3,1.0,1.0,0.0,0.0,0.0,"no_reaction: dT=-2.66e-06, max|ΔY|=3.08e-10",22,0.0,0.0,0.0,-1000000.0
4,4,1.0,1.0,0.0,0.0,0.0,"no_reaction: dT=-1.14e-06, max|ΔY|=1.05e-10",22,0.0,0.0,0.0,-1000000.0
4,5,1.0,1.0,0.0,0.0,0.0,"no_reaction: dT=-1.14e-06, max|ΔY|=1.05e-10",22,0.0,0.0,0.0,-1000000.0
4,6,0.9987423844501992,3.2762601142950647,0.04955500177999287,115.758372234602,71623439781.07047,,22,2.531663360609855,0.0016902785161604372,0.005,-143246879711.7102
4,7,1.0,1.0,0.0,0.0,0.0,"no_reaction: dT=-1.14e-06, max|ΔY|=1.05e-10",22,0.0,0.0,0.0,-1000000.0
4,8,1.0,1.0,0.0,0.0,0.0,"no_reaction: dT=-2.66e-06, max|ΔY|=3.08e-10",22,0.0,0.0,0.0,-1000000.0
4,9,1.0,1.0,0.0,0.0,0.0,"no_reaction: dT=-1.14e-06, max|ΔY|=1.05e-10",22,0.0,0.0,0.0,-1000000.0
4,10,1.0,1.0,0.0,0.0,0.0,"no_reaction: dT=-1.14e-06, max|ΔY|=1.05e-10",22,0.0,0.0,0.0,-1000000.0
4,11,1.0,1.0,0.0,0.0,0.0,"no_reaction: dT=-1.14e-06, max|ΔY|=1.05e-10",22,0.0,0.0,0.0,-1000000.0
4,12,1.0,1.0,0.0,0.0,0.0,"no_reaction: dT=-1.14e-06, max|ΔY|=1.05e-10",22,0.0,0.0,0.0,-1000000.0
4,13,1.0,1.0,0.0,0.0,0.0,"no_reaction: dT=-2.66e-06, max|ΔY|=3.08e-10",22,0.0,0.0,0.0,-1000000.0
4,14,1.0,1.0,0.0,0.0,0.0,"no_reaction: dT=-2.66e-06, max|ΔY|=3.08e-10",22,0.0,0.0,0.0,-1000000.0
4,15,1.0,1.0,0.0,0.0,0.0,"no_reaction: dT=-1.14e-06, max|ΔY|=1.05e-10",22,0.0,0.0,0.0,-1000000.0
4,16,0.9992030657482686,3.2762601142950647,0.04955500177999287,126.03565022733926,71748791364.97963,,22,1.2838524301673715,0.0010889122642608051,0.005,-143497582889.80627
4,17,1.0,1.0,0.0,0.0,0.0,"no_reaction: dT=-1.14e-06, max|ΔY|=1.05e-10",22,0.0,0.0,0.0,-1000000.0
4,18,1.0,1.0,0.0,0.0,0.0,"no_reaction: dT=-1.14e-06, max|ΔY|=1.05e-10",22,0.0,0.0,0.0,-1000000.0
4,19,1.0,1.0,0.0,0.0,0.0,"no_reaction: dT=-3.59, max|ΔY|=0.000769",22,0.0,0.0,0.0,-1000000.0
4,20,1.0,1.0,0.0,0.0,0.0,"no_reaction: dT=-1.14e-06, max|ΔY|=1.05e-10",22,0.0,0.0,0.0,-1000000.0
4,21,1.0,1.0,0.0,0.0,0.0,"no_reaction: dT=-1.14e-06, max|ΔY|=1.05e-10",22,0.0,0.0,0.0,-1000000.0
4,22,1.0,1.0,0.0,0.0,0.0,"no_reaction: dT=-1.14e-06, max|ΔY|=1.05e-10",22,0.0,0.0,0.0,-1000000.0
4,23,1.0,1.0,0.0,0.0,0.0,"no_reaction: dT=-2.66e-06, max|ΔY|=3.08e-10",22,0.0,0.0,0.0,-1000000.0
4,24,1.0,1.0,0.0,0.0,0.0,"no_reaction: dT=-1.14e-06, max|ΔY|=1.05e-10",22,0.0,0.0,0.0,-1000000.0
4,25,1.0,1.0,0.0,0.0,0.0,"no_reaction: dT=-2.66e-06, max|ΔY|=3.08e-10",22,0.0,0.0,0.0,-1000000.0
4,26,1.0,1.0,0.0,0.0,0.0,"no_reaction: dT=-1.14e-06, max|ΔY|=1.05e-10",22,0.0,0.0,0.0,-1000000.0
4,27,0.9992056820043884,3.2762601142950647,0.04955500177999287,126.15350061785327,71749569436.54071,,22,1.2797481887184858,0.0010848905482257754,0.005,-143499139033.0463
4,28,1.0,1.0,0.0,0.0,0.0,"no_reaction: dT=-1.14e-06, max|ΔY|=1.05e-10",22,0.0,0.0,0.0,-1000000.0
4,29,1.0,1.0,0.0,0.0,0.0,"no_reaction: dT=-1.14e-06, max|ΔY|=1.05e-10",22,0.0,0.0,0.0,-1000000.0
5,0,1.0,1.0,0.0,0.0,0.0,"no_reaction: dT=-1.14e-06, max|ΔY|=1.05e-10",22,0.0,0.0,0.0,-1000000.0
5,1,1.0,1.0,0.0,0.0,0.0,"no_reaction: dT=-2.66e-06, max|ΔY|=3.08e-10",22,0.0,0.0,0.0,-1000000.0
5,2,1.0,1.0,0.0,0.0,0.0,"no_reaction: dT=-2.66e-06, max|ΔY|=3.08e-10",22,0.0,0.0,0.0,-1000000.0
5,3,1.0,1.0,0.0,0.0,0.0,"no_reaction: dT=-1.14e-06, max|ΔY|=1.05e-10",22,0.0,0.0,0.0,-1000000.0
5,4,0.9999956049960926,3.2762601142950647,0.04955500177999287,145.58114878713874,71759301471.63669,,22,1.763011564719136,0.0009248195914031768,0.005,-143518603122.6667
5,5,1.0,1.0,0.0,0.0,0.0,"no_reaction: dT=-2.66e-06, max|ΔY|=3.08e-10",22,0.0,0.0,0.0,-1000000.0
5,6,1.0,1.0,0.0,0.0,0.0,"no_reaction: dT=-2.66e-06, max|ΔY|=3.08e-10",21,0.0,0.0,0.0,-1000000.0
5,7,1.0,1.0,0.0,0.0,0.0,"no_reaction: dT=-2.66e-06, max|ΔY|=3.08e-10",22,0.0,0.0,0.0,-1000000.0
5,8,1.0,1.0,0.0,0.0,0.0,"no_reaction: dT=-2.66e-06, max|ΔY|=3.08e-10",22,0.0,0.0,0.0,-1000000.0
5,9,1.0,1.0,0.0,0.0,0.0,"no_reaction: dT=-1.14e-06, max|ΔY|=1.05e-10",22,0.0,0.0,0.0,-1000000.0
5,10,1.0,1.0,0.0,0.0,0.0,"no_reaction: dT=-3.59, max|ΔY|=0.000769",22,0.0,0.0,0.0,-1000000.0
5,11,1.0,1.0,0.0,0.0,0.0,"no_reaction: dT=-1.14e-06, max|ΔY|=1.05e-10",22,0.0,0.0,0.0,-1000000.0
5,12,1.0,1.0,0.0,0.0,0.0,"no_reaction: dT=-1.14e-06, max|ΔY|=1.05e-10",22,0.0,0.0,0.0,-1000000.0
5,13,1.0,1.0,0.0,0.0,0.0,"no_reaction: dT=-2.66e-06, max|ΔY|=3.08e-10",22,0.0,0.0,0.0,-1000000.0
5,14,1.0,1.0,0.0,0.0,0.0,"no_reaction: dT=-1.14e-06, max|ΔY|=1.05e-10",22,0.0,0.0,0.0,-1000000.0
5,15,0.9953424496088655,3.2762601142950647,0.04955500177999287,76.90413567868733,71142375124.21487,,22,48.73114961062129,0.009694841539985427,0.005,-142284750359.1414
5,16,1.0,1.0,0.0,0.0,0.0,"no_reaction: dT=-1.14e-06, max|ΔY|=1.05e-10",19,0.0,0.0,0.0,-1000000.0
5,17,1.0,1.0,0.0,0.0,0.0,"no_reaction: dT=-1.14e-06, max|ΔY|=1.05e-10",22,0.0,0.0,0.0,-1000000.0
5,18,1.0,1.0,0.0,0.0,0.0,"no_reaction: dT=-2.66e-06, max|ΔY|=3.08e-10",22,0.0,0.0,0.0,-1000000.0
5,19,1.0,1.0,0.0,0.0,0.0,"no_reaction: dT=-1.14e-06, max|ΔY|=1.05e-10",22,0.0,0.0,0.0,-1000000.0
5,20,1.0,1.0,0.0,0.0,0.0,"no_reaction: dT=-1.14e-06, max|ΔY|=1.05e-10",22,0.0,0.0,0.0,-1000000.0
5,21,1.0,1.0,0.0,0.0,0.0,"no_reaction: dT=-2.66e-06, max|ΔY|=3.08e-10",22,0.0,0.0,0.0,-1000000.0
5,22,1.0,1.0,0.0,0.0,0.0,"no_reaction: dT=-1.14e-06, max|ΔY|=1.05e-10",22,0.0,0.0,0.0,-1000000.0
5,23,0.9992030732184207,3.2762601142950647,0.04955500177999287,126.03588486376111,71748794622.61208,,22,1.2838257183684618,0.001088901465761516,0.005,-143497589405.07138
5,24,1.0,1.0,0.0,0.0,0.0,"no_reaction: dT=-2.66e-06, max|ΔY|=3.08e-10",22,0.0,0.0,0.0,-1000000.0
5,25,1.0,1.0,0.0,0.0,0.0,"no_reaction: dT=-1.14e-06, max|ΔY|=1.05e-10",22,0.0,0.0,0.0,-1000000.0
5,26,1.0,1.0,0.0,0.0,0.0,"no_reaction: dT=-1.14e-06, max|ΔY|=1.05e-10",22,0.0,0.0,0.0,-1000000.0
5,27,1.0,1.0,0.0,0.0,0.0,"no_reaction: dT=-1.14e-06, max|ΔY|=1.05e-10",22,0.0,0.0,0.0,-1000000.0
5,28,1.0,1.0,0.0,0.0,0.0,"no_reaction: dT=-1.14e-06, max|ΔY|=1.05e-10",22,0.0,0.0,0.0,-1000000.0
5,29,1.0,1.0,0.0,0.0,0.0,"no_reaction: dT=-1.14e-06, max|ΔY|=1.05e-10",22,0.0,0.0,0.0,-1000000.0
6,0,1.0,1.0,0.0,0.0,0.0,"no_reaction: dT=-1.14e-06, max|ΔY|=1.05e-10",22,0.0,0.0,0.0,-1000000.0
6,1,1.0,1.0,0.0,0.0,0.0,"no_reaction: dT=-2.66e-06, max|ΔY|=3.08e-10",22,0.0,0.0,0.0,-1000000.0
6,2,1.0,1.0,0.0,0.0,0.0,"no_reaction: dT=-2.66e-06, max|ΔY|=3.08e-10",22,0.0,0.0,0.0,-1000000.0
6,3,0.9992030673980506,3.2762601142950647,0.04955500177999287,126.03564817135646,71748792094.26558,,22,1.2838674055017236,0.0010889004533306823,0.005,-143497584348.37817
6,4,1.0,1.0,0.0,0.0,0.0,"no_reaction: dT=-2.66e-06, max|ΔY|=3.08e-10",22,0.0,0.0,0.0,-1000000.0
6,5,1.0,1.0,0.0,0.0,0.0,"no_reaction: dT=-1.14e-06, max|ΔY|=1.05e-10",22,0.0,0.0,0.0,-1000000.0
6,6,1.0,1.0,0.0,0.0,0.0,"no_reaction: dT=-1.14e-06, max|ΔY|=1.05e-10",22,0.0,0.0,0.0,-1000000.0
6,7,1.0,1.0,0.0,0.0,0.0,"no_reaction: dT=-1.14e-06, max|ΔY|=1.05e-10",22,0.0,0.0,0.0,-1000000.0
6,8,0.6339715498548384,0.4953960057376794,0.04955500177999287,30.516442326556596,30990699707.31425,,22,1005.0936786847428,0.1555658662373715,0.0017484857863752673,-61981399450.78243
6,9,1.0,1.0,0.0,0.0,0.0,"no_reaction: dT=-1.14e-06, max|ΔY|=1.05e-10",22,0.0,0.0,0.0,-1000000.0
6,10,1.0,1.0,0.0,0.0,0.0,"no_reaction: dT=-2.66e-06, max|ΔY|=3.08e-10",22,0.0,0.0,0.0,-1000000.0
6,11,1.0,1.0,0.0,0.0,0.0,"no_reaction: dT=-1.14e-06, max|ΔY|=1.05e-10",22,0.0,0.0,0.0,-1000000.0
6,12,1.0,1.0,0.0,0.0,0.0,"no_reaction: dT=-1.14e-06, max|ΔY|=1.05e-10",22,0.0,0.0,0.0,-1000000.0
6,13,1.0,1.0,0.0,0.0,0.0,"no_reaction: dT=-1.14e-06, max|ΔY|=1.05e-10",22,0.0,0.0,0.0,-1000000.0
6,14,1.0,1.0,0.0,0.0,0.0,"no_reaction: dT=-1.14e-06, max|ΔY|=1.05e-10",22,0.0,0.0,0.0,-1000000.0
6,15,1.0,1.0,0.0,0.0,0.0,"no_reaction: dT=-1.14e-06, max|ΔY|=1.05e-10",22,0.0,0.0,0.0,-1000000.0
6,16,1.0,1.0,0.0,0.0,0.0,"no_reaction: dT=-1.14e-06, max|ΔY|=1.05e-10",22,0.0,0.0,0.0,-1000000.0
6,17,1.0,1.0,0.0,0.0,0.0,"no_reaction: dT=-1.14e-06, max|ΔY|=1.05e-10",22,0.0,0.0,0.0,-1000000.0
6,18,1.0,1.0,0.0,0.0,0.0,"no_reaction: dT=-2.66e-06, max|ΔY|=3.08e-10",22,0.0,0.0,0.0,-1000000.0
6,19,1.0,1.0,0.0,0.0,0.0,"no_reaction: dT=-2.66e-06, max|ΔY|=3.08e-10",22,0.0,0.0,0.0,-1000000.0
6,20,1.0,1.0,0.0,0.0,0.0,"no_reaction: dT=-1.14e-06, max|ΔY|=1.05e-10",22,0.0,0.0,0.0,-1000000.0
6,21,1.0,1.0,0.0,0.0,0.0,"no_reaction: dT=-1.14e-06, max|ΔY|=1.05e-10",22,0.0,0.0,0.0,-1000000.0
6,22,0.9999486388087389,3.2762601142950647,0.04955500177999287,144.49065547080835,71751628774.9885,,22,1.9232983282408895,0.0009407218486508287,0.005,-143503257728.27975
6,23,1.0,1.0,0.0,0.0,0.0,"no_reaction: dT=-1.14e-06, max|ΔY|=1.05e-10",22,0.0,0.0,0.0,-1000000.0
6,24,1.0,1.0,0.0,0.0,0.0,"no_reaction: dT=-1.14e-06, max|ΔY|=1.05e-10",22,0.0,0.0,0.0,-1000000.0
6,25,1.0,1.0,0.0,0.0,0.0,"no_reaction: dT=-2.66e-06, max|ΔY|=3.08e-10",22,0.0,0.0,0.0,-1000000.0
6,26,1.0,1.0,0.0,0.0,0.0,"no_reaction: dT=-2.66e-06, max|ΔY|=3.08e-10",22,0.0,0.0,0.0,-1000000.0
6,27,0.9992056758221916,3.2762601142950647,0.04955500177999287,126.15324485493397,71749566745.9926,,22,1.27979083445166,0.001084890334808547,0.005,-143499133651.9498
6,28,1.0,1.0,0.0,0.0,0.0,"no_reaction: dT=-1.14e-06, max|ΔY|=1.05e-10",22,0.0,0.0,0.0,-1000000.0
6,29,1.0,1.0,0.0,0.0,0.0,"no_reaction: dT=-2.66e-06, max|ΔY|=3.08e-10",22,0.0,0.0,0.0,-1000000.0
7,0,1.0,1.0,0.0,0.0,0.0,"no_reaction: dT=-1.14e-06, max|ΔY|=1.05e-10",22,0.0,0.0,0.0,-1000000.0
7,1,1.0,1.0,0.0,0.0,0.0,"no_reaction: dT=-1.14e-06, max|ΔY|=1.05e-10",22,0.0,0.0,0.0,-1000000.0
7,2,1.0,1.0,0.0,0.0,0.0,"no_reaction: dT=-1.14e-06, max|ΔY|=1.05e-10",22,0.0,0.0,0.0,-1000000.0
7,3,1.0,1.0,0.0,0.0,0.0,"no_reaction: dT=-1.14e-06, max|ΔY|=1.05e-10",22,0.0,0.0,0.0,-1000000.0
7,4,1.0,1.0,0.0,0.0,0.0,"no_reaction: dT=-2.66e-06, max|ΔY|=3.08e-10",22,0.0,0.0,0.0,-1000000.0
7,5,1.0,1.0,0.0,0.0,0.0,"no_reaction: dT=-2.66e-06, max|ΔY|=3.08e-10",22,0.0,0.0,0.0,-1000000.0
7,6,1.0,1.0,0.0,0.0,0.0,"no_reaction: dT=-1.14e-06, max|ΔY|=1.05e-10",22,0.0,0.0,0.0,-1000000.0
7,7,1.0,1.0,0.0,0.0,0.0,"no_reaction: dT=-1.14e-06, max|ΔY|=1.05e-10",21,0.0,0.0,0.0,-1000000.0
7,8,1.0,1.0,0.0,0.0,0.0,"no_reaction: dT=-2.66e-06, max|ΔY|=3.08e-10",22,0.0,0.0,0.0,-1000000.0
7,9,1.0,1.0,0.0,0.0,0.0,"no_reaction: dT=-3.59, max|ΔY|=0.000769",22,0.0,0.0,0.0,-1000000.0
7,10,1.0,1.0,0.0,0.0,0.0,"no_reaction: dT=-2.66e-06, max|ΔY|=3.08e-10",22,0.0,0.0,0.0,-1000000.0
7,11,1.0,1.0,0.0,0.0,0.0,"no_reaction: dT=-1.14e-06, max|ΔY|=1.05e-10",22,0.0,0.0,0.0,-1000000.0
7,12,1.0,1.0,0.0,0.0,0.0,"no_reaction: dT=-3.58, max|ΔY|=0.000768",22,0.0,0.0,0.0,-1000000.0
7,13,1.0,1.0,0.0,0.0,0.0,"no_reaction: dT=-1.14e-06, max|ΔY|=1.05e-10",22,0.0,0.0,0.0,-1000000.0
7,14,1.0,1.0,0.0,0.0,0.0,"no_reaction: dT=-1.14e-06, max|ΔY|=1.05e-10",22,0.0,0.0,0.0,-1000000.0
7,15,1.0,1.0,0.0,0.0,0.0,"no_reaction: dT=-1.14e-06, max|ΔY|=1.05e-10",22,0.0,0.0,0.0,-1000000.0
7,16,1.0,1.0,0.0,0.0,0.0,"no_reaction: dT=-1.14e-06, max|ΔY|=1.05e-10",22,0.0,0.0,0.0,-1000000.0
7,17,1.0,1.0,0.0,0.0,0.0,"no_reaction: dT=-1.14e-06, max|ΔY|=1.05e-10",22,0.0,0.0,0.0,-1000000.0
7,18,1.0,1.0,0.0,0.0,0.0,"no_reaction: dT=-1.14e-06, max|ΔY|=1.05e-10",22,0.0,0.0,0.0,-1000000.0
7,19,1.0,1.0,0.0,0.0,0.0,"no_reaction: dT=-1.14e-06, max|ΔY|=1.05e-10",22,0.0,0.0,0.0,-1000000.0
7,20,1.0,1.0,0.0,0.0,0.0,"no_reaction: dT=-1.14e-06, max|ΔY|=1.05e-10",22,0.0,0.0,0.0,-1000000.0
7,21,1.0,1.0,0.0,0.0,0.0,"no_reaction: dT=-2.66e-06, max|ΔY|=3.08e-10",22,0.0,0.0,0.0,-1000000.0
7,22,1.0,1.0,0.0,0.0,0.0,"no_reaction: dT=-1.14e-06, max|ΔY|=1.05e-10",22,0.0,0.0,0.0,-1000000.0
7,23,1.0,1.0,0.0,0.0,0.0,"no_reaction: dT=-2.66e-06, max|ΔY|=3.08e-10",22,0.0,0.0,0.0,-1000000.0
7,24,0.9958724821375636,3.2762601142950647,0.04955500177999287,81.89754453623593,71203360442.66049,,22,36.76467452486213,0.007616527044035065,0.005,-142406721001.02655
7,25,1.0,1.0,0.0,0.0,0.0,"no_reaction: dT=-1.14e-06, max|ΔY|=1.05e-10",22,0.0,0.0,0.0,-1000000.0
7,26,1.0,1.0,0.0,0.0,0.0,"no_reaction: dT=-1.14e-06, max|ΔY|=1.05e-10",22,0.0,0.0,0.0,-1000000.0
7,27,1.0,1.0,0.0,0.0,0.0,"no_reaction: dT=-1.14e-06, max|ΔY|=1.05e-10",22,0.0,0.0,0.0,-1000000.0
7,28,1.0,1.0,0.0,0.0,0.0,"no_reaction: dT=-1.14e-06, max|ΔY|=1.05e-10",22,0.0,0.0,0.0,-1000000.0
7,29,1.0,1.0,0.0,0.0,0.0,"no_reaction: dT=-1.14e-06, max|ΔY|=1.05e-10",22,0.0,0.0,0.0,-1000000.0
8,0,0.8992123353811791,2.4196158987163425,0.04955500177999287,35.318247962272594,58598752154.50269,,22,1247.8361733638058,0.1925130818641084,0.003998372184242189,-117197504369.46857
8,1,1.0,1.0,0.0,0.0,0.0,"no_reaction: dT=-1.14e-06, max|ΔY|=1.05e-10",22,0.0,0.0,0.0,-1000000.0
8,2,1.0,1.0,0.0,0.0,0.0,"no_reaction: dT=-2.66e-06, max|ΔY|=3.08e-10",22,0.0,0.0,0.0,-1000000.0
8,3,1.0,1.0,0.0,0.0,0.0,"no_reaction: dT=-1.14e-06, max|ΔY|=1.05e-10",22,0.0,0.0,0.0,-1000000.0
8,4,1.0,1.0,0.0,0.0,0.0,"no_reaction: dT=-2.66e-06, max|ΔY|=3.08e-10",22,0.0,0.0,0.0,-1000000.0
8,5,1.0,1.0,0.0,0.0,0.0,"no_reaction: dT=-2.66e-06, max|ΔY|=3.08e-10",22,0.0,0.0,0.0,-1000000.0
8,6,1.0,1.0,0.0,0.0,0.0,"no_reaction: dT=-1.14e-06, max|ΔY|=1.05e-10",22,0.0,0.0,0.0,-1000000.0
8,7,1.0,1.0,0.0,0.0,0.0,"no_reaction: dT=-3.58, max|ΔY|=0.000768",22,0.0,0.0,0.0,-1000000.0
8,8,1.0,1.0,0.0,0.0,0.0,"no_reaction: dT=-1.14e-06, max|ΔY|=1.05e-10",22,0.0,0.0,0.0,-1000000.0
8,9,1.0,1.0,0.0,0.0,0.0,"no_reaction: dT=-2.66e-06, max|ΔY|=3.08e-10",22,0.0,0.0,0.0,-1000000.0
8,10,1.0,1.0,0.0,0.0,0.0,"no_reaction: dT=-3.59, max|ΔY|=0.000769",22,0.0,0.0,0.0,-1000000.0
8,11,1.0,1.0,0.0,0.0,0.0,"no_reaction: dT=-1.14e-06, max|ΔY|=1.05e-10",22,0.0,0.0,0.0,-1000000.0
8,12,1.0,1.0,0.0,0.0,0.0,"no_reaction: dT=-1.14e-06, max|ΔY|=1.05e-10",20,0.0,0.0,0.0,-1000000.0
8,13,1.0,1.0,0.0,0.0,0.0,"no_reaction: dT=-1.14e-06, max|ΔY|=1.05e-10",22,0.0,0.0,0.0,-1000000.0
8,14,1.0,1.0,0.0,0.0,0.0,"no_reaction: dT=-1.14e-06, max|ΔY|=1.05e-10",22,0.0,0.0,0.0,-1000000.0
8,15,1.0,1.0,0.0,0.0,0.0,"no_reaction: dT=-2.66e-06, max|ΔY|=3.08e-10",22,0.0,0.0,0.0,-1000000.0
8,16,1.0,1.0,0.0,0.0,0.0,"no_reaction: dT=-1.14e-06, max|ΔY|=1.05e-10",22,0.0,0.0,0.0,-1000000.0
8,17,1.0,1.0,0.0,0.0,0.0,"no_reaction: dT=-1.14e-06, max|ΔY|=1.05e-10",22,0.0,0.0,0.0,-1000000.0
8,18,1.0,1.0,0.0,0.0,0.0,"no_reaction: dT=-1.14e-06, max|ΔY|=1.05e-10",22,0.0,0.0,0.0,-1000000.0
8,19,1.0,1.0,0.0,0.0,0.0,"no_reaction: dT=-2.66e-06, max|ΔY|=3.08e-10",22,0.0,0.0,0.0,-1000000.0
8,20,1.0,1.0,0.0,0.0,0.0,"no_reaction: dT=-1.14e-06, max|ΔY|=1.05e-10",22,0.0,0.0,0.0,-1000000.0
8,21,1.0,1.0,0.0,0.0,0.0,"no_reaction: dT=-2.66e-06, max|ΔY|=3.08e-10",22,0.0,0.0,0.0,-1000000.0
8,22,0.9966840903281033,3.2762601142950647,0.04955500177999287,67.84477217777767,68996247787.06526,,22,42.552279716386465,0.012819437062150052,0.005,-137992495675.78415
8,23,1.0,1.0,0.0,0.0,0.0,"no_reaction: dT=-1.14e-06, max|ΔY|=1.05e-10",22,0.0,0.0,0.0,-1000000.0
8,24,1.0,1.0,0.0,0.0,0.0,"no_reaction: dT=-1.14e-06, max|ΔY|=1.05e-10",22,0.0,0.0,0.0,-1000000.0
8,25,1.0,1.0,0.0,0.0,0.0,"no_reaction: dT=-1.14e-06, max|ΔY|=1.05e-10",21,0.0,0.0,0.0,-1000000.0
8,26,1.0,1.0,0.0,0.0,0.0,"no_reaction: dT=-1.14e-06, max|ΔY|=1.05e-10",22,0.0,0.0,0.0,-1000000.0
8,27,1.0,1.0,0.0,0.0,0.0,"no_reaction: dT=-1.14e-06, max|ΔY|=1.05e-10",22,0.0,0.0,0.0,-1000000.0
8,28,1.0,1.0,0.0,0.0,0.0,"no_reaction: dT=-1.14e-06, max|ΔY|=1.05e-10",22,0.0,0.0,0.0,-1000000.0
8,29,1.0,1.0,0.0,0.0,0.0,"no_reaction: dT=-1.14e-06, max|ΔY|=1.05e-10",22,0.0,0.0,0.0,-1000000.0
9,0,1.0,1.0,0.0,0.0,0.0,"no_reaction: dT=-1.14e-06, max|ΔY|=1.05e-10",22,0.0,0.0,0.0,-1000000.0
9,1,1.0,1.0,0.0,0.0,0.0,"no_reaction: dT=-1.14e-06, max|ΔY|=1.05e-10",22,0.0,0.0,0.0,-1000000.0
9,2,1.0,1.0,0.0,0.0,0.0,"no_reaction: dT=-1.14e-06, max|ΔY|=1.05e-10",22,0.0,0.0,0.0,-1000000.0
9,3,1.0,1.0,0.0,0.0,0.0,"no_reaction: dT=-1.14e-06, max|ΔY|=1.05e-10",22,0.0,0.0,0.0,-1000000.0
9,4,1.0,1.0,0.0,0.0,0.0,"no_reaction: dT=-2.66e-06, max|ΔY|=3.08e-10",22,0.0,0.0,0.0,-1000000.0
9,5,1.0,1.0,0.0,0.0,0.0,"no_reaction: dT=-2.66e-06, max|ΔY|=3.08e-10",22,0.0,0.0,0.0,-1000000.0
9,6,1.0,1.0,0.0,0.0,0.0,"no_reaction: dT=-3.58, max|ΔY|=0.000768",22,0.0,0.0,0.0,-1000000.0
9,7,1.0,1.0,0.0,0.0,0.0,"no_reaction: dT=-3.58, max|ΔY|=0.000768",22,0.0,0.0,0.0,-1000000.0
9,8,1.0,1.0,0.0,0.0,0.0,"no_reaction: dT=-3.59, max|ΔY|=0.000769",22,0.0,0.0,0.0,-1000000.0
9,9,1.0,1.0,0.0,0.0,0.0,"no_reaction: dT=-1.14e-06, max|ΔY|=1.05e-10",22,0.0,0.0,0.0,-1000000.0
9,10,1.0,1.0,0.0,0.0,0.0,"no_reaction: dT=-1.14e-06, max|ΔY|=1.05e-10",22,0.0,0.0,0.0,-1000000.0
9,11,1.0,1.0,0.0,0.0,0.0,"no_reaction: dT=-1.14e-06, max|ΔY|=1.05e-10",22,0.0,0.0,0.0,-1000000.0
9,12,1.0,1.0,0.0,0.0,0.0,"no_reaction: dT=-1.14e-06, max|ΔY|=1.05e-10",22,0.0,0.0,0.0,-1000000.0
9,13,1.0,1.0,0.0,0.0,0.0,"no_reaction: dT=-2.66e-06, max|ΔY|=3.08e-10",22,0.0,0.0,0.0,-1000000.0
9,14,1.0,1.0,0.0,0.0,0.0,"no_reaction: dT=-1.14e-06, max|ΔY|=1.05e-10",22,0.0,0.0,0.0,-1000000.0
9,15,1.0,1.0,0.0,0.0,0.0,"no_reaction: dT=-1.14e-06, max|ΔY|=1.05e-10",22,0.0,0.0,0.0,-1000000.0
9,16,0.9996412819323829,3.2762601142950647,0.04955500177999287,61.43543661352899,67438903342.13291,,22,136.56060363324627,0.02465380878503831,0.005,-134877806779.51306
9,17,1.0,1.0,0.0,0.0,0.0,"no_reaction: dT=-1.14e-06, max|ΔY|=1.05e-10",22,0.0,0.0,0.0,-1000000.0
9,18,0.9992030283677162,3.2762601142950647,0.04955500177999287,126.0205798342582,71748360530.29848,,22,1.2815192913274132,0.0010906504807425277,0.005,-143496721220.4289
9,19,1.0,1.0,0.0,0.0,0.0,"no_reaction: dT=-1.14e-06, max|ΔY|=1.05e-10",22,0.0,0.0,0.0,-1000000.0
9,20,1.0,1.0,0.0,0.0,0.0,"no_reaction: dT=-1.14e-06, max|ΔY|=1.05e-10",22,0.0,0.0,0.0,-1000000.0
9,21,1.0,1.0,0.0,0.0,0.0,"no_reaction: dT=-2.66e-06, max|ΔY|=3.08e-10",22,0.0,0.0,0.0,-1000000.0
9,22,1.0,1.0,0.0,0.0,0.0,"no_reaction: dT=-1.14e-06, max|ΔY|=1.05e-10",22,0.0,0.0,0.0,-1000000.0
9,23,1.0,1.0,0.0,0.0,0.0,"no_reaction: dT=-1.14e-06, max|ΔY|=1.05e-10",22,0.0,0.0,0.0,-1000000.0
9,24,1.0,1.0,0.0,0.0,0.0,"no_reaction: dT=-1.14e-06, max|ΔY|=1.05e-10",22,0.0,0.0,0.0,-1000000.0
9,25,0.9999228593842753,3.2762601142950647,0.04955500177999287,118.79616944434149,70901664517.68669,,22,4.9817535145487,0.002353599800725248,0.005,-141803329187.98163
9,26,1.0,1.0,0.0,0.0,0.0,"no_reaction: dT=-1.14e-06, max|ΔY|=1.05e-10",22,0.0,0.0,0.0,-1000000.0
9,27,1.0,1.0,0.0,0.0,0.0,"no_reaction: dT=-1.14e-06, max|ΔY|=1.05e-10",22,0.0,0.0,0.0,-1000000.0
9,28,1.0,1.0,0.0,0.0,0.0,"no_reaction: dT=-1.14e-06, max|ΔY|=1.05e-10",22,0.0,0.0,0.0,-1000000.0
9,29,1.0,1.0,0.0,0.0,0.0,"no_reaction: dT=-1.14e-06, max|ΔY|=1.05e-10",22,0.0,0.0,0.0,-1000000.0
10,0,1.0,1.0,0.0,0.0,0.0,"no_reaction: dT=-1.14e-06, max|ΔY|=1.05e-10",22,0.0,0.0,0.0,-1000000.0
10,1,1.0,1.0,0.0,0.0,0.0,"no_reaction: dT=-1.14e-06, max|ΔY|=1.05e-10",22,0.0,0.0,0.0,-1000000.0
10,2,1.0,1.0,0.0,0.0,0.0,"no_reaction: dT=-1.14e-06, max|ΔY|=1.05e-10",22,0.0,0.0,0.0,-1000000.0
10,3,1.0,1.0,0.0,0.0,0.0,"no_reaction: dT=-1.14e-06, max|ΔY|=1.05e-10",22,0.0,0.0,0.0,-1000000.0
10,4,1.0,1.0,0.0,0.0,0.0,"no_reaction: dT=-1.14e-06, max|ΔY|=1.05e-10",22,0.0,0.0,0.0,-1000000.0
10,5,0.9999956118257779,3.2762601142950647,0.04955500177999287,145.58867161580594,71759383091.35611,,22,1.7628069665563544,0.0009246796941900504,0.005,-143518766362.11304
10,6,1.0,1.0,0.0,0.0,0.0,"no_reaction: dT=-1.14e-06, max|ΔY|=1.05e-10",22,0.0,0.0,0.0,-1000000.0
10,7,1.0,1.0,0.0,0.0,0.0,"no_reaction: dT=-1.14e-06, max|ΔY|=1.05e-10",22,0.0,0.0,0.0,-1000000.0
10,8,1.0,1.0,0.0,0.0,0.0,"no_reaction: dT=-1.14e-06, max|ΔY|=1.05e-10",22,0.0,0.0,0.0,-1000000.0
10,9,1.0,1.0,0.0,0.0,0.0,"no_reaction: dT=-1.14e-06, max|ΔY|=1.05e-10",22,0.0,0.0,0.0,-1000000.0
10,10,1.0,1.0,0.0,0.0,0.0,"no_reaction: dT=-1.14e-06, max|ΔY|=1.05e-10",22,0.0,0.0,0.0,-1000000.0
10,11,1.0,1.0,0.0,0.0,0.0,"no_reaction: dT=-1.14e-06, max|ΔY|=1.05e-10",22,0.0,0.0,0.0,-1000000.0
10,12,1.0,1.0,0.0,0.0,0.0,"no_reaction: dT=-1.14e-06, max|ΔY|=1.05e-10",22,0.0,0.0,0.0,-1000000.0
10,13,1.0,1.0,0.0,0.0,0.0,"no_reaction: dT=-1.14e-06, max|ΔY|=1.05e-10",22,0.0,0.0,0.0,-1000000.0
10,14,1.0,1.0,0.0,0.0,0.0,"no_reaction: dT=-1.14e-06, max|ΔY|=1.05e-10",22,0.0,0.0,0.0,-1000000.0
10,15,1.0,1.0,0.0,0.0,0.0,"no_reaction: dT=-1.14e-06, max|ΔY|=1.05e-10",22,0.0,0.0,0.0,-1000000.0
10,16,1.0,1.0,0.0,0.0,0.0,"no_reaction: dT=-1.14e-06, max|ΔY|=1.05e-10",22,0.0,0.0,0.0,-1000000.0
10,17,1.0,1.0,0.0,0.0,0.0,"no_reaction: dT=-2.66e-06, max|ΔY|=3.08e-10",22,0.0,0.0,0.0,-1000000.0
10,18,1.0,1.0,0.0,0.0,0.0,"no_reaction: dT=-1.14e-06, max|ΔY|=1.05e-10",22,0.0,0.0,0.0,-1000000.0
10,19,0.9996272506942652,3.2762601142950647,0.04955500177999287,60.49837143919338,67352070205.18503,,22,141.762291672203,0.025649040161412284,0.005,-134704140504.6802
10,20,1.0,1.0,0.0,0.0,0.0,"no_reaction: dT=-2.66e-06, max|ΔY|=3.08e-10",22,0.0,0.0,0.0,-1000000.0
10,21,1.0,1.0,0.0,0.0,0.0,"no_reaction: dT=-1.14e-06, max|ΔY|=1.05e-10",22,0.0,0.0,0.0,-1000000.0
10,22,0.9992030145793761,3.2762601142950647,0.04955500177999287,126.02082127750887,71748364477.63481,,22,1.2814978133731074,0.0010906320205427145,0.005,-143496729115.1018
10,23,1.0,1.0,0.0,0.0,0.0,"no_reaction: dT=-1.14e-06, max|ΔY|=1.05e-10",22,0.0,0.0,0.0,-1000000.0
10,24,0.8944727501937323,2.4196158987163425,0.04955500177999287,35.31364083148454,58431675753.09704,,22,1247.8530001675194,0.192513694075161,0.003998372184242189,-116863351566.6479
10,25,1.0,1.0,0.0,0.0,0.0,"no_reaction: dT=-3.59, max|ΔY|=0.000769",22,0.0,0.0,0.0,-1000000.0
10,26,1.0,1.0,0.0,0.0,0.0,"no_reaction: dT=-2.66e-06, max|ΔY|=3.08e-10",22,0.0,0.0,0.0,-1000000.0
10,27,1.0,1.0,0.0,0.0,0.0,"no_reaction: dT=-1.14e-06, max|ΔY|=1.05e-10",20,0.0,0.0,0.0,-1000000.0
10,28,1.0,1.0,0.0,0.0,0.0,"no_reaction: dT=-1.14e-06, max|ΔY|=1.05e-10",22,0.0,0.0,0.0,-1000000.0
10,29,1.0,1.0,0.0,0.0,0.0,"no_reaction: dT=-2.66e-06, max|ΔY|=3.08e-10",22,0.0,0.0,0.0,-1000000.0
11,0,1.0,1.0,0.0,0.0,0.0,"no_reaction: dT=-1.14e-06, max|ΔY|=1.05e-10",22,0.0,0.0,0.0,-1000000.0
11,1,0.5160259880371424,0.4953960057376794,0.04955500177999287,33.46125771360182,31077254898.28351,,22,1247.8897167032387,0.19251503224633404,0.0017484857863752673,-62154509835.54781
11,2,1.0,1.0,0.0,0.0,0.0,"no_reaction: dT=-1.14e-06, max|ΔY|=1.05e-10",22,0.0,0.0,0.0,-1000000.0
11,3,1.0,1.0,0.0,0.0,0.0,"no_reaction: dT=-2.66e-06, max|ΔY|=3.08e-10",22,0.0,0.0,0.0,-1000000.0
11,4,1.0,1.0,0.0,0.0,0.0,"no_reaction: dT=-1.14e-06, max|ΔY|=1.05e-10",22,0.0,0.0,0.0,-1000000.0
11,5,1.0,1.0,0.0,0.0,0.0,"no_reaction: dT=-2.66e-06, max|ΔY|=3.08e-10",22,0.0,0.0,0.0,-1000000.0
11,6,1.0,1.0,0.0,0.0,0.0,"no_reaction: dT=-1.14e-06, max|ΔY|=1.05e-10",22,0.0,0.0,0.0,-1000000.0
11,7,1.0,1.0,0.0,0.0,0.0,"no_reaction: dT=-2.66e-06, max|ΔY|=3.08e-10",22,0.0,0.0,0.0,-1000000.0
11,8,1.0,1.0,0.0,0.0,0.0,"no_reaction: dT=-3.59, max|ΔY|=0.000769",22,0.0,0.0,0.0,-1000000.0
11,9,1.0,1.0,0.0,0.0,0.0,"no_reaction: dT=-1.14e-06, max|ΔY|=1.05e-10",22,0.0,0.0,0.0,-1000000.0
11,10,1.0,1.0,0.0,0.0,0.0,"no_reaction: dT=-1.14e-06, max|ΔY|=1.05e-10",22,0.0,0.0,0.0,-1000000.0
11,11,1.0,1.0,0.0,0.0,0.0,"no_reaction: dT=-2.66e-06, max|ΔY|=3.08e-10",22,0.0,0.0,0.0,-1000000.0
11,12,1.0,1.0,0.0,0.0,0.0,"no_reaction: dT=-1.14e-06, max|ΔY|=1.05e-10",22,0.0,0.0,0.0,-1000000.0
11,13,1.0,1.0,0.0,0.0,0.0,"no_reaction: dT=-1.14e-06, max|ΔY|=1.05e-10",22,0.0,0.0,0.0,-1000000.0
11,14,1.0,1.0,0.0,0.0,0.0,"no_reaction: dT=-1.14e-06, max|ΔY|=1.05e-10",22,0.0,0.0,0.0,-1000000.0
11,15,1.0,1.0,0.0,0.0,0.0,"no_reaction: dT=-1.14e-06, max|ΔY|=1.05e-10",22,0.0,0.0,0.0,-1000000.0
11,16,1.0,1.0,0.0,0.0,0.0,"no_reaction: dT=-1.14e-06, max|ΔY|=1.05e-10",22,0.0,0.0,0.0,-1000000.0
11,17,1.0,1.0,0.0,0.0,0.0,"no_reaction: dT=-1.14e-06, max|ΔY|=1.05e-10",22,0.0,0.0,0.0,-1000000.0
11,18,1.0,1.0,0.0,0.0,0.0,"no_reaction: dT=-2.66e-06, max|ΔY|=3.08e-10",22,0.0,0.0,0.0,-1000000.0
11,19,1.0,1.0,0.0,0.0,0.0,"no_reaction: dT=-2.66e-06, max|ΔY|=3.08e-10",22,0.0,0.0,0.0,-1000000.0
11,20,1.0,1.0,0.0,0.0,0.0,"no_reaction: dT=-1.14e-06, max|ΔY|=1.05e-10",22,0.0,0.0,0.0,-1000000.0
11,21,1.0,1.0,0.0,0.0,0.0,"no_reaction: dT=-1.14e-06, max|ΔY|=1.05e-10",22,0.0,0.0,0.0,-1000000.0
11,22,1.0,1.0,0.0,0.0,0.0,"no_reaction: dT=-1.14e-06, max|ΔY|=1.05e-10",22,0.0,0.0,0.0,-1000000.0
11,23,1.0,1.0,0.0,0.0,0.0,"no_reaction: dT=-1.14e-06, max|ΔY|=1.05e-10",20,0.0,0.0,0.0,-1000000.0
11,24,1.0,1.0,0.0,0.0,0.0,"no_reaction: dT=-2.66e-06, max|ΔY|=3.08e-10",22,0.0,0.0,0.0,-1000000.0
11,25,1.0,1.0,0.0,0.0,0.0,"no_reaction: dT=-1.14e-06, max|ΔY|=1.05e-10",22,0.0,0.0,0.0,-1000000.0
11,26,1.0,1.0,0.0,0.0,0.0,"no_reaction: dT=-2.66e-06, max|ΔY|=3.08e-10",22,0.0,0.0,0.0,-1000000.0
11,27,1.0,1.0,0.0,0.0,0.0,"no_reaction: dT=-1.14e-06, max|ΔY|=1.05e-10",22,0.0,0.0,0.0,-1000000.0
11,28,1.0,1.0,0.0,0.0,0.0,"no_reaction: dT=-2.66e-06, max|ΔY|=3.08e-10",22,0.0,0.0,0.0,-1000000.0
11,29,1.0,1.0,0.0,0.0,0.0,"no_reaction: dT=-3.59, max|ΔY|=0.000769",22,0.0,0.0,0.0,-1000000.0
12,0,1.0,1.0,0.0,0.0,0.0,"no_reaction: dT=-1.14e-06, max|ΔY|=1.05e-10",22,0.0,0.0,0.0,-1000000.0
12,1,1.0,1.0,0.0,0.0,0.0,"no_reaction: dT=-2.66e-06, max|ΔY|=3.08e-10",22,0.0,0.0,0.0,-1000000.0
12,2,1.0,1.0,0.0,0.0,0.0,"no_reaction: dT=-1.14e-06, max|ΔY|=1.05e-10",22,0.0,0.0,0.0,-1000000.0
12,3,1.0,1.0,0.0,0.0,0.0,"no_reaction: dT=-2.66e-06, max|ΔY|=3.08e-10",22,0.0,0.0,0.0,-1000000.0
12,4,1.0,1.0,0.0,0.0,0.0,"no_reaction: dT=-2.66e-06, max|ΔY|=3.08e-10",22,0.0,0.0,0.0,-1000000.0
12,5,1.0,1.0,0.0,0.0,0.0,"no_reaction: dT=-1.14e-06, max|ΔY|=1.05e-10",22,0.0,0.0,0.0,-1000000.0
12,6,1.0,1.0,0.0,0.0,0.0,"no_reaction: dT=-2.66e-06, max|ΔY|=3.08e-10",22,0.0,0.0,0.0,-1000000.0
12,7,1.0,1.0,0.0,0.0,0.0,"no_reaction: dT=-1.14e-06, max|ΔY|=1.05e-10",20,0.0,0.0,0.0,-1000000.0
12,8,1.0,1.0,0.0,0.0,0.0,"no_reaction: dT=-1.14e-06, max|ΔY|=1.05e-10",18,0.0,0.0,0.0,-1000000.0
12,9,1.0,1.0,0.0,0.0,0.0,"no_reaction: dT=-1.14e-06, max|ΔY|=1.05e-10",22,0.0,0.0,0.0,-1000000.0
12,10,1.0,1.0,0.0,0.0,0.0,"no_reaction: dT=-1.14e-06, max|ΔY|=1.05e-10",22,0.0,0.0,0.0,-1000000.0
12,11,1.0,1.0,0.0,0.0,0.0,"no_reaction: dT=-2.66e-06, max|ΔY|=3.08e-10",22,0.0,0.0,0.0,-1000000.0
12,12,1.0,1.0,0.0,0.0,0.0,"no_reaction: dT=-1.14e-06, max|ΔY|=1.05e-10",22,0.0,0.0,0.0,-1000000.0
12,13,1.0,1.0,0.0,0.0,0.0,"no_reaction: dT=-1.14e-06, max|ΔY|=1.05e-10",22,0.0,0.0,0.0,-1000000.0
12,14,1.0,1.0,0.0,0.0,0.0,"no_reaction: dT=-2.66e-06, max|ΔY|=3.08e-10",21,0.0,0.0,0.0,-1000000.0
12,15,1.0,1.0,0.0,0.0,0.0,"no_reaction: dT=-1.14e-06, max|ΔY|=1.05e-10",22,0.0,0.0,0.0,-1000000.0
12,16,1.0,1.0,0.0,0.0,0.0,"no_reaction: dT=-1.14e-06, max|ΔY|=1.05e-10",22,0.0,0.0,0.0,-1000000.0
12,17,1.0,1.0,0.0,0.0,0.0,"no_reaction: dT=-3.58, max|ΔY|=0.000768",22,0.0,0.0,0.0,-1000000.0
12,18,1.0,1.0,0.0,0.0,0.0,"no_reaction: dT=-1.14e-06, max|ΔY|=1.05e-10",21,0.0,0.0,0.0,-1000000.0
12,19,1.0,1.0,0.0,0.0,0.0,"no_reaction: dT=-2.66e-06, max|ΔY|=3.08e-10",22,0.0,0.0,0.0,-1000000.0
12,20,0.9999956112482565,3.2762601142950647,0.04955500177999287,145.58189241027856,71759310236.6484,,22,1.762896442076908,0.0009248071105177891,0.005,-143518620652.69086
12,21,1.0,1.0,0.0,0.0,0.0,"no_reaction: dT=-1.14e-06, max|ΔY|=1.05e-10",22,0.0,0.0,0.0,-1000000.0
12,22,1.0,1.0,0.0,0.0,0.0,"no_reaction: dT=-2.66e-06, max|ΔY|=3.08e-10",22,0.0,0.0,0.0,-1000000.0
12,23,1.0,1.0,0.0,0.0,0.0,"no_reaction: dT=-1.14e-06, max|ΔY|=1.05e-10",22,0.0,0.0,0.0,-1000000.0
12,24,0.9999301371884778,3.2762601142950647,0.04955500177999287,131.9852869040162,71446485617.42816,,22,2.6108810192654346,0.0016279875598641663,0.005,-142892971400.6537
12,25,1.0,1.0,0.0,0.0,0.0,"no_reaction: dT=-1.14e-06, max|ΔY|=1.05e-10",22,0.0,0.0,0.0,-1000000.0
12,26,1.0,1.0,0.0,0.0,0.0,"no_reaction: dT=-2.66e-06, max|ΔY|=3.08e-10",22,0.0,0.0,0.0,-1000000.0
12,27,1.0,1.0,0.0,0.0,0.0,"no_reaction: dT=-1.14e-06, max|ΔY|=1.05e-10",22,0.0,0.0,0.0,-1000000.0
12,28,1.0,1.0,0.0,0.0,0.0,"no_reaction: dT=-1.14e-06, max|ΔY|=1.05e-10",22,0.0,0.0,0.0,-1000000.0
12,29,1.0,1.0,0.0,0.0,0.0,"no_reaction: dT=-1.14e-06, max|ΔY|=1.05e-10",22,0.0,0.0,0.0,-1000000.0
13,0,1.0,1.0,0.0,0.0,0.0,"no_reaction: dT=-1.14e-06, max|ΔY|=1.05e-10",22,0.0,0.0,0.0,-1000000.0
13,1,1.0,1.0,0.0,0.0,0.0,"no_reaction: dT=-1.14e-06, max|ΔY|=1.05e-10",22,0.0,0.0,0.0,-1000000.0
13,2,1.0,1.0,0.0,0.0,0.0,"no_reaction: dT=-1.14e-06, max|ΔY|=1.05e-10",22,0.0,0.0,0.0,-1000000.0
13,3,1.0,1.0,0.0,0.0,0.0,"no_reaction: dT=-1.14e-06, max|ΔY|=1.05e-10",22,0.0,0.0,0.0,-1000000.0
13,4,1.0,1.0,0.0,0.0,0.0,"no_reaction: dT=-1.14e-06, max|ΔY|=1.05e-10",22,0.0,0.0,0.0,-1000000.0
13,5,1.0,1.0,0.0,0.0,0.0,"no_reaction: dT=-1.14e-06, max|ΔY|=1.05e-10",22,0.0,0.0,0.0,-1000000.0
13,6,1.0,1.0,0.0,0.0,0.0,"no_reaction: dT=-1.14e-06, max|ΔY|=1.05e-10",22,0.0,0.0,0.0,-1000000.0
13,7,1.0,1.0,0.0,0.0,0.0,"no_reaction: dT=-1.14e-06, max|ΔY|=1.05e-10",22,0.0,0.0,0.0,-1000000.0
13,8,1.0,1.0,0.0,0.0,0.0,"no_reaction: dT=-1.14e-06, max|ΔY|=1.05e-10",22,0.0,0.0,0.0,-1000000.0
13,9,1.0,1.0,0.0,0.0,0.0,"no_reaction: dT=-1.14e-06, max|ΔY|=1.05e-10",22,0.0,0.0,0.0,-1000000.0
13,10,1.0,1.0,0.0,0.0,0.0,"no_reaction: dT=-1.14e-06, max|ΔY|=1.05e-10",22,0.0,0.0,0.0,-1000000.0
13,11,1.0,1.0,0.0,0.0,0.0,"no_reaction: dT=-1.14e-06, max|ΔY|=1.05e-10",22,0.0,0.0,0.0,-1000000.0
13,12,1.0,1.0,0.0,0.0,0.0,"no_reaction: dT=-1.14e-06, max|ΔY|=1.05e-10",22,0.0,0.0,0.0,-1000000.0
13,13,1.0,1.0,0.0,0.0,0.0,"no_reaction: dT=-1.14e-06, max|ΔY|=1.05e-10",22,0.0,0.0,0.0,-1000000.0
13,14,0.5546134134835167,0.4953960057376794,0.04955500177999287,30.601781553323264,31002465953.553364,,22,1206.2311066782704,0.1823012593889733,0.0017484857863752673,-62004931943.26664
13,15,1.0,1.0,0.0,0.0,0.0,"no_reaction: dT=-1.14e-06, max|ΔY|=1.05e-10",22,0.0,0.0,0.0,-1000000.0
13,16,1.0,1.0,0.0,0.0,0.0,"no_reaction: dT=-1.14e-06, max|ΔY|=1.05e-10",22,0.0,0.0,0.0,-1000000.0
13,17,1.0,1.0,0.0,0.0,0.0,"no_reaction: dT=-2.66e-06, max|ΔY|=3.08e-10",22,0.0,0.0,0.0,-1000000.0
13,18,0.9992030149912979,3.2762601142950647,0.04955500177999287,126.02084199716913,71748364648.75154,,22,1.281496383384365,0.0010906311258527257,0.005,-143496729457.3353
13,19,1.0,1.0,0.0,0.0,0.0,"no_reaction: dT=-1.14e-06, max|ΔY|=1.05e-10",22,0.0,0.0,0.0,-1000000.0
13,20,1.0,1.0,0.0,0.0,0.0,"no_reaction: dT=-1.14e-06, max|ΔY|=1.05e-10",22,0.0,0.0,0.0,-1000000.0
13,21,1.0,1.0,0.0,0.0,0.0,"no_reaction: dT=-1.14e-06, max|ΔY|=1.05e-10",22,0.0,0.0,0.0,-1000000.0
13,22,1.0,1.0,0.0,0.0,0.0,"no_reaction: dT=-1.14e-06, max|ΔY|=1.05e-10",22,0.0,0.0,0.0,-1000000.0
13,23,1.0,1.0,0.0,0.0,0.0,"no_reaction: dT=-1.14e-06, max|ΔY|=1.05e-10",22,0.0,0.0,0.0,-1000000.0
13,24,1.0,1.0,0.0,0.0,0.0,"no_reaction: dT=-2.66e-06, max|ΔY|=3.08e-10",21,0.0,0.0,0.0,-1000000.0
13,25,1.0,1.0,0.0,0.0,0.0,"no_reaction: dT=-2.66e-06, max|ΔY|=3.08e-10",22,0.0,0.0,0.0,-1000000.0
13,26,1.0,1.0,0.0,0.0,0.0,"no_reaction: dT=-1.14e-06, max|ΔY|=1.05e-10",22,0.0,0.0,0.0,-1000000.0
13,27,1.0,1.0,0.0,0.0,0.0,"no_reaction: dT=-2.66e-06, max|ΔY|=3.08e-10",22,0.0,0.0,0.0,-1000000.0
13,28,1.0,1.0,0.0,0.0,0.0,"no_reaction: dT=-1.14e-06, max|ΔY|=1.05e-10",22,0.0,0.0,0.0,-1000000.0
13,29,1.0,1.0,0.0,0.0,0.0,"no_reaction: dT=-2.66e-06, max|ΔY|=3.08e-10",22,0.0,0.0,0.0,-1000000.0
14,0,1.0,1.0,0.0,0.0,0.0,"no_reaction: dT=-1.14e-06, max|ΔY|=1.05e-10",22,0.0,0.0,0.0,-1000000.0
14,1,1.0,1.0,0.0,0.0,0.0,"no_reaction: dT=-1.14e-06, max|ΔY|=1.05e-10",22,0.0,0.0,0.0,-1000000.0
14,2,1.0,1.0,0.0,0.0,0.0,"no_reaction: dT=-1.14e-06, max|ΔY|=1.05e-10",22,0.0,0.0,0.0,-1000000.0
14,3,1.0,1.0,0.0,0.0,0.0,"no_reaction: dT=-2.66e-06, max|ΔY|=3.08e-10",22,0.0,0.0,0.0,-1000000.0
14,4,1.0,1.0,0.0,0.0,0.0,"no_reaction: dT=-1.14e-06, max|ΔY|=1.05e-10",22,0.0,0.0,0.0,-1000000.0
14,5,1.0,1.0,0.0,0.0,0.0,"no_reaction: dT=-1.14e-06, max|ΔY|=1.05e-10",22,0.0,0.0,0.0,-1000000.0
14,6,1.0,1.0,0.0,0.0,0.0,"no_reaction: dT=-3.59, max|ΔY|=0.000769",22,0.0,0.0,0.0,-1000000.0
14,7,1.0,1.0,0.0,0.0,0.0,"no_reaction: dT=-2.66e-06, max|ΔY|=3.08e-10",22,0.0,0.0,0.0,-1000000.0
14,8,1.0,1.0,0.0,0.0,0.0,"no_reaction: dT=-1.14e-06, max|ΔY|=1.05e-10",22,0.0,0.0,0.0,-1000000.0
14,9,1.0,1.0,0.0,0.0,0.0,"no_reaction: dT=-1.14e-06, max|ΔY|=1.05e-10",22,0.0,0.0,0.0,-1000000.0
14,10,0.999949469909769,3.2762601142950647,0.04955500177999287,105.06201697785168,70732333419.1027,,22,23.179280134008195,0.004011959351723882,0.005,-141464666977.07953
14,11,1.0,1.0,0.0,0.0,0.0,"no_reaction: dT=-1.14e-06, max|ΔY|=1.05e-10",22,0.0,0.0,0.0,-1000000.0
14,12,1.0,1.0,0.0,0.0,0.0,"no_reaction: dT=-1.14e-06, max|ΔY|=1.05e-10",22,0.0,0.0,0.0,-1000000.0
14,13,1.0,1.0,0.0,0.0,0.0,"no_reaction: dT=-1.14e-06, max|ΔY|=1.05e-10",22,0.0,0.0,0.0,-1000000.0
14,14,1.0,1.0,0.0,0.0,0.0,"no_reaction: dT=-1.14e-06, max|ΔY|=1.05e-10",22,0.0,0.0,0.0,-1000000.0
14,15,1.0,1.0,0.0,0.0,0.0,"no_reaction: dT=-2.66e-06, max|ΔY|=3.08e-10",22,0.0,0.0,0.0,-1000000.0
14,16,1.0,1.0,0.0,0.0,0.0,"no_reaction: dT=-1.14e-06, max|ΔY|=1.05e-10",22,0.0,0.0,0.0,-1000000.0
14,17,1.0,1.0,0.0,0.0,0.0,"no_reaction: dT=-1.14e-06, max|ΔY|=1.05e-10",22,0.0,0.0,0.0,-1000000.0
14,18,1.0,1.0,0.0,0.0,0.0,"no_reaction: dT=-1.14e-06, max|ΔY|=1.05e-10",22,0.0,0.0,0.0,-1000000.0
14,19,1.0,1.0,0.0,0.0,0.0,"no_reaction: dT=-3.59, max|ΔY|=0.000769",22,0.0,0.0,0.0,-1000000.0
14,20,1.0,1.0,0.0,0.0,0.0,"no_reaction: dT=-2.66e-06, max|ΔY|=3.08e-10",22,0.0,0.0,0.0,-1000000.0
14,21,1.0,1.0,0.0,0.0,0.0,"no_reaction: dT=-2.66e-06, max|ΔY|=3.08e-10",22,0.0,0.0,0.0,-1000000.0
14,22,1.0,1.0,0.0,0.0,0.0,"no_reaction: dT=-2.66e-06, max|ΔY|=3.08e-10",22,0.0,0.0,0.0,-1000000.0
14,23,1.0,1.0,0.0,0.0,0.0,"no_reaction: dT=-1.14e-06, max|ΔY|=1.05e-10",22,0.0,0.0,0.0,-1000000.0
14,24,1.0,1.0,0.0,0.0,0.0,"no_reaction: dT=-2.66e-06, max|ΔY|=3.08e-10",22,0.0,0.0,0.0,-1000000.0
14,25,1.0,1.0,0.0,0.0,0.0,"no_reaction: dT=-1.14e-06, max|ΔY|=1.05e-10",22,0.0,0.0,0.0,-1000000.0
14,26,1.0,1.0,0.0,0.0,0.0,"no_reaction: dT=-2.66e-06, max|ΔY|=3.08e-10",22,0.0,0.0,0.0,-1000000.0
14,27,1.0,1.0,0.0,0.0,0.0,"no_reaction: dT=-1.14e-06, max|ΔY|=1.05e-10",22,0.0,0.0,0.0,-1000000.0
14,28,1.0,1.0,0.0,0.0,0.0,"no_reaction: dT=-2.66e-06, max|ΔY|=3.08e-10",22,0.0,0.0,0.0,-1000000.0
14,29,1.0,1.0,0.0,0.0,0.0,"no_reaction: dT=-2.66e-06, max|ΔY|=3.08e-10",22,0.0,0.0,0.0,-1000000.0
15,0,1.0,1.0,0.0,0.0,0.0,"no_reaction: dT=-1.14e-06, max|ΔY|=1.05e-10",22,0.0,0.0,0.0,-1000000.0
15,1,1.0,1.0,0.0,0.0,0.0,"no_reaction: dT=-1.14e-06, max|ΔY|=1.05e-10",22,0.0,0.0,0.0,-1000000.0
15,2,1.0,1.0,0.0,0.0,0.0,"no_reaction: dT=-1.14e-06, max|ΔY|=1.05e-10",22,0.0,0.0,0.0,-1000000.0
15,3,1.0,1.0,0.0,0.0,0.0,"no_reaction: dT=-1.14e-06, max|ΔY|=1.05e-10",22,0.0,0.0,0.0,-1000000.0
15,4,1.0,1.0,0.0,0.0,0.0,"no_reaction: dT=-2.66e-06, max|ΔY|=3.08e-10",22,0.0,0.0,0.0,-1000000.0
15,5,1.0,1.0,0.0,0.0,0.0,"no_reaction: dT=-1.14e-06, max|ΔY|=1.05e-10",22,0.0,0.0,0.0,-1000000.0
15,6,1.0,1.0,0.0,0.0,0.0,"no_reaction: dT=-2.66e-06, max|ΔY|=3.08e-10",22,0.0,0.0,0.0,-1000000.0
15,7,0.7716474732200732,1.500666787059141,0.04955500177999287,32.55745916791422,51251383132.224174,,22,1239.60896274794,0.19093951747667753,0.0029238946184537377,-102502766312.83368
15,8,0.9999479746085287,3.2762601142950647,0.04955500177999287,144.41291765693697,71754235312.92015,,22,1.938837237282769,0.000935106755779222,0.005,-143508470804.06534
15,9,1.0,1.0,0.0,0.0,0.0,"no_reaction: dT=-1.14e-06, max|ΔY|=1.05e-10",22,0.0,0.0,0.0,-1000000.0
15,10,1.0,1.0,0.0,0.0,0.0,"no_reaction: dT=-1.14e-06, max|ΔY|=1.05e-10",22,0.0,0.0,0.0,-1000000.0
15,11,1.0,1.0,0.0,0.0,0.0,"no_reaction: dT=-1.14e-06, max|ΔY|=1.05e-10",22,0.0,0.0,0.0,-1000000.0
15,12,1.0,1.0,0.0,0.0,0.0,"no_reaction: dT=-2.66e-06, max|ΔY|=3.08e-10",22,0.0,0.0,0.0,-1000000.0
15,13,1.0,1.0,0.0,0.0,0.0,"no_reaction: dT=-1.14e-06, max|ΔY|=1.05e-10",22,0.0,0.0,0.0,-1000000.0
15,14,1.0,1.0,0.0,0.0,0.0,"no_reaction: dT=-1.14e-06, max|ΔY|=1.05e-10",22,0.0,0.0,0.0,-1000000.0
15,15,1.0,1.0,0.0,0.0,0.0,"no_reaction: dT=-1.14e-06, max|ΔY|=1.05e-10",22,0.0,0.0,0.0,-1000000.0
15,16,1.0,1.0,0.0,0.0,0.0,"no_reaction: dT=-2.66e-06, max|ΔY|=3.08e-10",22,0.0,0.0,0.0,-1000000.0
15,17,1.0,1.0,0.0,0.0,0.0,"no_reaction: dT=-1.14e-06, max|ΔY|=1.05e-10",22,0.0,0.0,0.0,-1000000.0
15,18,1.0,1.0,0.0,0.0,0.0,"no_reaction: dT=-2.66e-06, max|ΔY|=3.08e-10",22,0.0,0.0,0.0,-1000000.0
15,19,1.0,1.0,0.0,0.0,0.0,"no_reaction: dT=-1.14e-06, max|ΔY|=1.05e-10",22,0.0,0.0,0.0,-1000000.0
15,20,1.0,1.0,0.0,0.0,0.0,"no_reaction: dT=-2.66e-06, max|ΔY|=3.08e-10",22,0.0,0.0,0.0,-1000000.0
15,21,1.0,1.0,0.0,0.0,0.0,"no_reaction: dT=-1.14e-06, max|ΔY|=1.05e-10",22,0.0,0.0,0.0,-1000000.0
15,22,1.0,1.0,0.0,0.0,0.0,"no_reaction: dT=-2.66e-06, max|ΔY|=3.08e-10",22,0.0,0.0,0.0,-1000000.0
15,23,1.0,1.0,0.0,0.0,0.0,"no_reaction: dT=-2.66e-06, max|ΔY|=3.08e-10",22,0.0,0.0,0.0,-1000000.0
15,24,1.0,1.0,0.0,0.0,0.0,"no_reaction: dT=-2.66e-06, max|ΔY|=3.08e-10",22,0.0,0.0,0.0,-1000000.0
15,25,1.0,1.0,0.0,0.0,0.0,"no_reaction: dT=-2.66e-06, max|ΔY|=3.08e-10",22,0.0,0.0,0.0,-1000000.0
15,26,1.0,1.0,0.0,0.0,0.0,"no_reaction: dT=-1.14e-06, max|ΔY|=1.05e-10",22,0.0,0.0,0.0,-1000000.0
15,27,1.0,1.0,0.0,0.0,0.0,"no_reaction: dT=-2.66e-06, max|ΔY|=3.08e-10",22,0.0,0.0,0.0,-1000000.0
15,28,1.0,1.0,0.0,0.0,0.0,"no_reaction: dT=-1.14e-06, max|ΔY|=1.05e-10",22,0.0,0.0,0.0,-1000000.0
15,29,1.0,1.0,0.0,0.0,0.0,"no_reaction: dT=-1.14e-06, max|ΔY|=1.05e-10",22,0.0,0.0,0.0,-1000000.0
16,0,1.0,1.0,0.0,0.0,0.0,"no_reaction: dT=-1.14e-06, max|ΔY|=1.05e-10",22,0.0,0.0,0.0,-1000000.0
16,1,1.0,1.0,0.0,0.0,0.0,"no_reaction: dT=-2.66e-06, max|ΔY|=3.08e-10",22,0.0,0.0,0.0,-1000000.0
16,2,1.0,1.0,0.0,0.0,0.0,"no_reaction: dT=-2.66e-06, max|ΔY|=3.08e-10",22,0.0,0.0,0.0,-1000000.0
16,3,0.9999883145961127,3.2762601142950647,0.04955500177999287,133.00766114629508,71457990707.19281,,22,2.3822052054078995,0.0015997504669038667,0.005,-142915981581.2054
16,4,0.23748544225275664,0.06936517330188652,0.04955500177999287,15.009063255950046,219343588.01985148,,22,1247.8897167045875,0.19251503214512347,0.0012503509430204175,-438687192.0294584
16,5,1.0,1.0,0.0,0.0,0.0,"no_reaction: dT=-1.14e-06, max|ΔY|=1.05e-10",22,0.0,0.0,0.0,-1000000.0
16,6,1.0,1.0,0.0,0.0,0.0,"no_reaction: dT=-2.66e-06, max|ΔY|=3.08e-10",22,0.0,0.0,0.0,-1000000.0
16,7,1.0,1.0,0.0,0.0,0.0,"no_reaction: dT=-2.66e-06, max|ΔY|=3.08e-10",22,0.0,0.0,0.0,-1000000.0
16,8,1.0,1.0,0.0,0.0,0.0,"no_reaction: dT=-1.14e-06, max|ΔY|=1.05e-10",22,0.0,0.0,0.0,-1000000.0
16,9,1.0,1.0,0.0,0.0,0.0,"no_reaction: dT=-1.14e-06, max|ΔY|=1.05e-10",22,0.0,0.0,0.0,-1000000.0
16,10,1.0,1.0,0.0,0.0,0.0,"no_reaction: dT=-1.14e-06, max|ΔY|=1.05e-10",22,0.0,0.0,0.0,-1000000.0
16,11,1.0,1.0,0.0,0.0,0.0,"no_reaction: dT=-1.14e-06, max|ΔY|=1.05e-10",22,0.0,0.0,0.0,-1000000.0
16,12,1.0,1.0,0.0,0.0,0.0,"no_reaction: dT=-1.14e-06, max|ΔY|=1.05e-10",22,0.0,0.0,0.0,-1000000.0
16,13,1.0,1.0,0.0,0.0,0.0,"no_reaction: dT=-1.14e-06, max|ΔY|=1.05e-10",22,0.0,0.0,0.0,-1000000.0
16,14,0.9986772011491593,3.2762601142950647,0.04955500177999287,114.41387960229878,71615046082.76103,,22,2.9071159158049795,0.001792480920460332,0.005,-143230092313.74677
16,15,1.0,1.0,0.0,0.0,0.0,"no_reaction: dT=-2.66e-06, max|ΔY|=3.08e-10",22,0.0,0.0,0.0,-1000000.0
16,16,0.9980474969212036,3.2762601142950647,0.04955500177999287,86.42264141286515,70143206187.74937,,22,15.23376005579371,0.005924027485738045,0.005,-140286412495.7316
16,17,1.0,1.0,0.0,0.0,0.0,"no_reaction: dT=-2.66e-06, max|ΔY|=3.08e-10",22,0.0,0.0,0.0,-1000000.0
16,18,0.5800884588364763,0.5292021324945353,0.04955500177999287,29.92845716923575,31319397547.29594,,22,1078.0404117652383,0.1574707680981611,0.0017880134645955957,-62638795130.442
16,19,1.0,1.0,0.0,0.0,0.0,"no_reaction: dT=-1.14e-06, max|ΔY|=1.05e-10",22,0.0,0.0,0.0,-1000000.0
16,20,1.0,1.0,0.0,0.0,0.0,"no_reaction: dT=-2.66e-06, max|ΔY|=3.08e-10",22,0.0,0.0,0.0,-1000000.0
16,21,1.0,1.0,0.0,0.0,0.0,"no_reaction: dT=-1.14e-06, max|ΔY|=1.05e-10",22,0.0,0.0,0.0,-1000000.0
16,22,1.0,1.0,0.0,0.0,0.0,"no_reaction: dT=-1.14e-06, max|ΔY|=1.05e-10",22,0.0,0.0,0.0,-1000000.0
16,23,1.0,1.0,0.0,0.0,0.0,"no_reaction: dT=-2.66e-06, max|ΔY|=3.08e-10",22,0.0,0.0,0.0,-1000000.0
16,24,1.0,1.0,0.0,0.0,0.0,"no_reaction: dT=-2.66e-06, max|ΔY|=3.08e-10",21,0.0,0.0,0.0,-1000000.0
16,25,1.0,1.0,0.0,0.0,0.0,"no_reaction: dT=-1.14e-06, max|ΔY|=1.05e-10",22,0.0,0.0,0.0,-1000000.0
16,26,1.0,1.0,0.0,0.0,0.0,"no_reaction: dT=-1.14e-06, max|ΔY|=1.05e-10",22,0.0,0.0,0.0,-1000000.0
16,27,1.0,1.0,0.0,0.0,0.0,"no_reaction: dT=-2.66e-06, max|ΔY|=3.08e-10",22,0.0,0.0,0.0,-1000000.0
16,28,1.0,1.0,0.0,0.0,0.0,"no_reaction: dT=-1.14e-06, max|ΔY|=1.05e-10",22,0.0,0.0,0.0,-1000000.0
16,29,1.0,1.0,0.0,0.0,0.0,"no_reaction: dT=-2.66e-06, max|ΔY|=3.08e-10",22,0.0,0.0,0.0,-1000000.0
17,0,1.0,1.0,0.0,0.0,0.0,"no_reaction: dT=-1.14e-06, max|ΔY|=1.05e-10",20,0.0,0.0,0.0,-1000000.0
17,1,1.0,1.0,0.0,0.0,0.0,"no_reaction: dT=-2.66e-06, max|ΔY|=3.08e-10",22,0.0,0.0,0.0,-1000000.0
17,2,1.0,1.0,0.0,0.0,0.0,"no_reaction: dT=-1.14e-06, max|ΔY|=1.05e-10",22,0.0,0.0,0.0,-1000000.0
17,3,1.0,1.0,0.0,0.0,0.0,"no_reaction: dT=-2.66e-06, max|ΔY|=3.08e-10",22,0.0,0.0,0.0,-1000000.0
17,4,1.0,1.0,0.0,0.0,0.0,"no_reaction: dT=-1.14e-06, max|ΔY|=1.05e-10",22,0.0,0.0,0.0,-1000000.0
17,5,1.0,1.0,0.0,0.0,0.0,"no_reaction: dT=-1.14e-06, max|ΔY|=1.05e-10",22,0.0,0.0,0.0,-1000000.0
17,6,1.0,1.0,0.0,0.0,0.0,"no_reaction: dT=-2.66e-06, max|ΔY|=3.08e-10",22,0.0,0.0,0.0,-1000000.0
17,7,1.0,1.0,0.0,0.0,0.0,"no_reaction: dT=-1.14e-06, max|ΔY|=1.05e-10",22,0.0,0.0,0.0,-1000000.0
17,8,1.0,1.0,0.0,0.0,0.0,"no_reaction: dT=-2.66e-06, max|ΔY|=3.08e-10",22,0.0,0.0,0.0,-1000000.0
17,9,1.0,1.0,0.0,0.0,0.0,"no_reaction: dT=-2.66e-06, max|ΔY|=3.08e-10",22,0.0,0.0,0.0,-1000000.0
17,10,1.0,1.0,0.0,0.0,0.0,"no_reaction: dT=-1.14e-06, max|ΔY|=1.05e-10",22,0.0,0.0,0.0,-1000000.0
17,11,1.0,1.0,0.0,0.0,0.0,"no_reaction: dT=-1.14e-06, max|ΔY|=1.05e-10",22,0.0,0.0,0.0,-1000000.0
17,12,1.0,1.0,0.0,0.0,0.0,"no_reaction: dT=-2.66e-06, max|ΔY|=3.08e-10",22,0.0,0.0,0.0,-1000000.0
17,13,1.0,1.0,0.0,0.0,0.0,"no_reaction: dT=-2.66e-06, max|ΔY|=3.08e-10",22,0.0,0.0,0.0,-1000000.0
17,14,1.0,1.0,0.0,0.0,0.0,"no_reaction: dT=-1.14e-06, max|ΔY|=1.05e-10",22,0.0,0.0,0.0,-1000000.0
17,15,1.0,1.0,0.0,0.0,0.0,"no_reaction: dT=-2.66e-06, max|ΔY|=3.08e-10",22,0.0,0.0,0.0,-1000000.0
17,16,1.0,1.0,0.0,0.0,0.0,"no_reaction: dT=-1.14e-06, max|ΔY|=1.05e-10",22,0.0,0.0,0.0,-1000000.0
17,17,1.0,1.0,0.0,0.0,0.0,"no_reaction: dT=-1.14e-06, max|ΔY|=1.05e-10",22,0.0,0.0,0.0,-1000000.0
17,18,1.0,1.0,0.0,0.0,0.0,"no_reaction: dT=-1.14e-06, max|ΔY|=1.05e-10",22,0.0,0.0,0.0,-1000000.0
17,19,1.0,1.0,0.0,0.0,0.0,"no_reaction: dT=-1.14e-06, max|ΔY|=1.05e-10",22,0.0,0.0,0.0,-1000000.0
17,20,1.0,1.0,0.0,0.0,0.0,"no_reaction: dT=-2.66e-06, max|ΔY|=3.08e-10",22,0.0,0.0,0.0,-1000000.0
17,21,1.0,1.0,0.0,0.0,0.0,"no_reaction: dT=-1.14e-06, max|ΔY|=1.05e-10",22,0.0,0.0,0.0,-1000000.0
17,22,1.0,1.0,0.0,0.0,0.0,"no_reaction: dT=-1.14e-06, max|ΔY|=1.05e-10",22,0.0,0.0,0.0,-1000000.0
17,23,0.9996730494893659,3.2762601142950647,0.04955500177999287,116.53886938615102,70975243174.87595,,22,4.845884543491593,0.0025029259709386034,0.005,-141950486500.1026
17,24,1.0,1.0,0.0,0.0,0.0,"no_reaction: dT=-1.14e-06, max|ΔY|=1.05e-10",22,0.0,0.0,0.0,-1000000.0
17,25,1.0,1.0,0.0,0.0,0.0,"no_reaction: dT=-1.14e-06, max|ΔY|=1.05e-10",22,0.0,0.0,0.0,-1000000.0
17,26,1.0,1.0,0.0,0.0,0.0,"no_reaction: dT=-1.14e-06, max|ΔY|=1.05e-10",22,0.0,0.0,0.0,-1000000.0
17,27,1.0,1.0,0.0,0.0,0.0,"no_reaction: dT=-2.66e-06, max|ΔY|=3.08e-10",22,0.0,0.0,0.0,-1000000.0
17,28,1.0,1.0,0.0,0.0,0.0,"no_reaction: dT=-2.66e-06, max|ΔY|=3.08e-10",22,0.0,0.0,0.0,-1000000.0
17,29,1.0,1.0,0.0,0.0,0.0,"no_reaction: dT=-1.14e-06, max|ΔY|=1.05e-10",22,0.0,0.0,0.0,-1000000.0
18,0,0.23026259628234272,0.04572467880490402,0.04955500177999287,16.342630531487437,11396.948684800574,,22,1247.8897787741098,0.19251503253364333,0.0012227093895775447,-22810.97706451875
18,1,1.0,1.0,0.0,0.0,0.0,"no_reaction: dT=-2.66e-06, max|ΔY|=3.08e-10",22,0.0,0.0,0.0,-1000000.0
18,2,1.0,1.0,0.0,0.0,0.0,"no_reaction: dT=-2.66e-06, max|ΔY|=3.08e-10",22,0.0,0.0,0.0,-1000000.0
18,3,1.0,1.0,0.0,0.0,0.0,"no_reaction: dT=-1.14e-06, max|ΔY|=1.05e-10",22,0.0,0.0,0.0,-1000000.0
18,4,1.0,1.0,0.0,0.0,0.0,"no_reaction: dT=-1.14e-06, max|ΔY|=1.05e-10",22,0.0,0.0,0.0,-1000000.0
18,5,1.0,1.0,0.0,0.0,0.0,"no_reaction: dT=-1.14e-06, max|ΔY|=1.05e-10",22,0.0,0.0,0.0,-1000000.0
18,6,1.0,1.0,0.0,0.0,0.0,"no_reaction: dT=-1.14e-06, max|ΔY|=1.05e-10",22,0.0,0.0,0.0,-1000000.0
18,7,0.99999561152172,3.2762601142950647,0.04955500177999287,145.58169031152573,71759309134.6588,,22,1.7629489028654461,0.0009248080759720473,0.005,-143518618448.71143
18,8,1.0,1.0,0.0,0.0,0.0,"no_reaction: dT=-1.14e-06, max|ΔY|=1.05e-10",22,0.0,0.0,0.0,-1000000.0
18,9,1.0,1.0,0.0,0.0,0.0,"no_reaction: dT=-2.66e-06, max|ΔY|=3.08e-10",22,0.0,0.0,0.0,-1000000.0
18,10,1.0,1.0,0.0,0.0,0.0,"no_reaction: dT=-1.14e-06, max|ΔY|=1.05e-10",22,0.0,0.0,0.0,-1000000.0
18,11,1.0,1.0,0.0,0.0,0.0,"no_reaction: dT=-1.14e-06, max|ΔY|=1.05e-10",22,0.0,0.0,0.0,-1000000.0
18,12,1.0,1.0,0.0,0.0,0.0,"no_reaction: dT=-1.14e-06, max|ΔY|=1.05e-10",22,0.0,0.0,0.0,-1000000.0
18,13,1.0,1.0,0.0,0.0,0.0,"no_reaction: dT=-2.66e-06, max|ΔY|=3.08e-10",22,0.0,0.0,0.0,-1000000.0
18,14,1.0,1.0,0.0,0.0,0.0,"no_reaction: dT=-2.66e-06, max|ΔY|=3.08e-10",22,0.0,0.0,0.0,-1000000.0
18,15,1.0,1.0,0.0,0.0,0.0,"no_reaction: dT=-1.14e-06, max|ΔY|=1.05e-10",22,0.0,0.0,0.0,-1000000.0
18,16,1.0,1.0,0.0,0.0,0.0,"no_reaction: dT=-1.14e-06, max|ΔY|=1.05e-10",22,0.0,0.0,0.0,-1000000.0
18,17,1.0,1.0,0.0,0.0,0.0,"no_reaction: dT=-1.14e-06, max|ΔY|=1.05e-10",22,0.0,0.0,0.0,-1000000.0
18,18,1.0,1.0,0.0,0.0,0.0,"no_reaction: dT=-2.66e-06, max|ΔY|=3.08e-10",22,0.0,0.0,0.0,-1000000.0
18,19,1.0,1.0,0.0,0.0,0.0,"no_reaction: dT=-1.14e-06, max|ΔY|=1.05e-10",22,0.0,0.0,0.0,-1000000.0
18,20,1.0,1.0,0.0,0.0,0.0,"no_reaction: dT=-1.14e-06, max|ΔY|=1.05e-10",22,0.0,0.0,0.0,-1000000.0
18,21,1.0,1.0,0.0,0.0,0.0,"no_reaction: dT=-3.59, max|ΔY|=0.000769",22,0.0,0.0,0.0,-1000000.0
18,22,1.0,1.0,0.0,0.0,0.0,"no_reaction: dT=-1.14e-06, max|ΔY|=1.05e-10",22,0.0,0.0,0.0,-1000000.0
18,23,0.9996412728194833,3.2762601142950647,0.04955500177999287,61.43454240762899,67438826998.186745,,22,136.56457874524835,0.024654582851507095,0.005,-134877654091.61983
18,24,1.0,1.0,0.0,0.0,0.0,"no_reaction: dT=-1.14e-06, max|ΔY|=1.05e-10",22,0.0,0.0,0.0,-1000000.0
18,25,1.0,1.0,0.0,0.0,0.0,"no_reaction: dT=-1.14e-06, max|ΔY|=1.05e-10",22,0.0,0.0,0.0,-1000000.0
18,26,1.0,1.0,0.0,0.0,0.0,"no_reaction: dT=-1.14e-06, max|ΔY|=1.05e-10",22,0.0,0.0,0.0,-1000000.0
18,27,0.9134198477602304,2.4969224904741143,0.04955500177999287,35.60306423880481,61462702916.262115,,22,1247.759832968467,0.19251030384109874,0.004088762606821191,-122925405894.0595
18,28,1.0,1.0,0.0,0.0,0.0,"no_reaction: dT=-1.14e-06, max|ΔY|=1.05e-10",22,0.0,0.0,0.0,-1000000.0
18,29,1.0,1.0,0.0,0.0,0.0,"no_reaction: dT=-1.14e-06, max|ΔY|=1.05e-10",22,0.0,0.0,0.0,-1000000.0
19,0,1.0,1.0,0.0,0.0,0.0,"no_reaction: dT=-1.14e-06, max|ΔY|=1.05e-10",22,0.0,0.0,0.0,-1000000.0
19,1,1.0,1.0,0.0,0.0,0.0,"no_reaction: dT=-1.14e-06, max|ΔY|=1.05e-10",22,0.0,0.0,0.0,-1000000.0
19,2,1.0,1.0,0.0,0.0,0.0,"no_reaction: dT=-1.14e-06, max|ΔY|=1.05e-10",22,0.0,0.0,0.0,-1000000.0
19,3,1.0,1.0,0.0,0.0,0.0,"no_reaction: dT=-1.14e-06, max|ΔY|=1.05e-10",22,0.0,0.0,0.0,-1000000.0
19,4,1.0,1.0,0.0,0.0,0.0,"no_reaction: dT=-1.14e-06, max|ΔY|=1.05e-10",22,0.0,0.0,0.0,-1000000.0
19,5,1.0,1.0,0.0,0.0,0.0,"no_reaction: dT=-2.66e-06, max|ΔY|=3.08e-10",22,0.0,0.0,0.0,-1000000.0
19,6,1.0,1.0,0.0,0.0,0.0,"no_reaction: dT=-1.14e-06, max|ΔY|=1.05e-10",22,0.0,0.0,0.0,-1000000.0
19,7,1.0,1.0,0.0,0.0,0.0,"no_reaction: dT=-1.14e-06, max|ΔY|=1.05e-10",21,0.0,0.0,0.0,-1000000.0
19,8,1.0,1.0,0.0,0.0,0.0,"no_reaction: dT=-1.14e-06, max|ΔY|=1.05e-10",22,0.0,0.0,0.0,-1000000.0
19,9,1.0,1.0,0.0,0.0,0.0,"no_reaction: dT=-1.14e-06, max|ΔY|=1.05e-10",22,0.0,0.0,0.0,-1000000.0
19,10,1.0,1.0,0.0,0.0,0.0,"no_reaction: dT=-1.14e-06, max|ΔY|=1.05e-10",22,0.0,0.0,0.0,-1000000.0
19,11,1.0,1.0,0.0,0.0,0.0,"no_reaction: dT=-2.66e-06, max|ΔY|=3.08e-10",22,0.0,0.0,0.0,-1000000.0
19,12,1.0,1.0,0.0,0.0,0.0,"no_reaction: dT=-1.14e-06, max|ΔY|=1.05e-10",22,0.0,0.0,0.0,-1000000.0
19,13,1.0,1.0,0.0,0.0,0.0,"no_reaction: dT=-1.14e-06, max|ΔY|=1.05e-10",22,0.0,0.0,0.0,-1000000.0
19,14,1.0,1.0,0.0,0.0,0.0,"no_reaction: dT=-1.14e-06, max|ΔY|=1.05e-10",22,0.0,0.0,0.0,-1000000.0
19,15,1.0,1.0,0.0,0.0,0.0,"no_reaction: dT=-1.14e-06, max|ΔY|=1.05e-10",21,0.0,0.0,0.0,-1000000.0
19,16,1.0,1.0,0.0,0.0,0.0,"no_reaction: dT=-1.14e-06, max|ΔY|=1.05e-10",22,0.0,0.0,0.0,-1000000.0
19,17,1.0,1.0,0.0,0.0,0.0,"no_reaction: dT=-1.14e-06, max|ΔY|=1.05e-10",22,0.0,0.0,0.0,-1000000.0
19,18,1.0,1.0,0.0,0.0,0.0,"no_reaction: dT=-1.14e-06, max|ΔY|=1.05e-10",22,0.0,0.0,0.0,-1000000.0
19,19,0.9912456543373885,3.2762601142950647,0.04955500177999287,35.16639056247505,65761288732.51984,,22,733.4267330299563,0.14860774654793907,0.005,-131522577534.00946
19,20,1.0,1.0,0.0,0.0,0.0,"no_reaction: dT=-1.14e-06, max|ΔY|=1.05e-10",22,0.0,0.0,0.0,-1000000.0
19,21,1.0,1.0,0.0,0.0,0.0,"no_reaction: dT=-1.14e-06, max|ΔY|=1.05e-10",22,0.0,0.0,0.0,-1000000.0
19,22,1.0,1.0,0.0,0.0,0.0,"no_reaction: dT=-2.66e-06, max|ΔY|=3.08e-10",22,0.0,0.0,0.0,-1000000.0
19,23,1.0,1.0,0.0,0.0,0.0,"no_reaction: dT=-2.66e-06, max|ΔY|=3.08e-10",22,0.0,0.0,0.0,-1000000.0
19,24,1.0,1.0,0.0,0.0,0.0,"no_reaction: dT=-2.66e-06, max|ΔY|=3.08e-10",21,0.0,0.0,0.0,-1000000.0
19,25,1.0,1.0,0.0,0.0,0.0,"no_reaction: dT=-2.66e-06, max|ΔY|=3.08e-10",22,0.0,0.0,0.0,-1000000.0
19,26,1.0,1.0,0.0,0.0,0.0,"no_reaction: dT=-1.14e-06, max|ΔY|=1.05e-10",22,0.0,0.0,0.0,-1000000.0
19,27,1.0,1.0,0.0,0.0,0.0,"no_reaction: dT=-1.14e-06, max|ΔY|=1.05e-10",22,0.0,0.0,0.0,-1000000.0
19,28,0.9996272446986127,3.2762601142950647,0.04955500177999287,60.49819330751346,67352045223.33197,,22,141.76362555680953,0.0256492928422295,0.005,-134704090540.97392
19,29,1.0,1.0,0.0,0.0,0.0,"no_reaction: dT=-1.14e-06, max|ΔY|=1.05e-10",22,0.0,0.0,0.0,-1000000.0
20,0,1.0,1.0,0.0,0.0,0.0,"no_reaction: dT=-1.14e-06, max|ΔY|=1.05e-10",22,0.0,0.0,0.0,-1000000.0
20,1,1.0,1.0,0.0,0.0,0.0,"no_reaction: dT=-1.14e-06, max|ΔY|=1.05e-10",22,0.0,0.0,0.0,-1000000.0
20,2,1.0,1.0,0.0,0.0,0.0,"no_reaction: dT=-1.14e-06, max|ΔY|=1.05e-10",22,0.0,0.0,0.0,-1000000.0
20,3,1.0,1.0,0.0,0.0,0.0,"no_reaction: dT=-1.14e-06, max|ΔY|=1.05e-10",22,0.0,0.0,0.0,-1000000.0
20,4,1.0,1.0,0.0,0.0,0.0,"no_reaction: dT=-1.14e-06, max|ΔY|=1.05e-10",22,0.0,0.0,0.0,-1000000.0
20,5,1.0,1.0,0.0,0.0,0.0,"no_reaction: dT=-1.14e-06, max|ΔY|=1.05e-10",22,0.0,0.0,0.0,-1000000.0
20,6,1.0,1.0,0.0,0.0,0.0,"no_reaction: dT=-1.14e-06, max|ΔY|=1.05e-10",22,0.0,0.0,0.0,-1000000.0
20,7,1.0,1.0,0.0,0.0,0.0,"no_reaction: dT=-2.66e-06, max|ΔY|=3.08e-10",22,0.0,0.0,0.0,-1000000.0
20,8,1.0,1.0,0.0,0.0,0.0,"no_reaction: dT=-1.14e-06, max|ΔY|=1.05e-10",22,0.0,0.0,0.0,-1000000.0
20,9,1.0,1.0,0.0,0.0,0.0,"no_reaction: dT=-2.66e-06, max|ΔY|=3.08e-10",22,0.0,0.0,0.0,-1000000.0
20,10,1.0,1.0,0.0,0.0,0.0,"no_reaction: dT=-2.66e-06, max|ΔY|=3.08e-10",22,0.0,0.0,0.0,-1000000.0
20,11,0.9986420686853091,3.2762601142950647,0.04955500177999287,57.049104624934195,66581728158.396065,,22,144.51193290670835,0.02800179946299,0.005,-133163456407.65204
20,12,1.0,1.0,0.0,0.0,0.0,"no_reaction: dT=-2.66e-06, max|ΔY|=3.08e-10",22,0.0,0.0,0.0,-1000000.0
20,13,1.0,1.0,0.0,0.0,0.0,"no_reaction: dT=-1.14e-06, max|ΔY|=1.05e-10",22,0.0,0.0,0.0,-1000000.0
20,14,1.0,1.0,0.0,0.0,0.0,"no_reaction: dT=-1.14e-06, max|ΔY|=1.05e-10",22,0.0,0.0,0.0,-1000000.0
20,15,1.0,1.0,0.0,0.0,0.0,"no_reaction: dT=-1.14e-06, max|ΔY|=1.05e-10",22,0.0,0.0,0.0,-1000000.0
20,16,1.0,1.0,0.0,0.0,0.0,"no_reaction: dT=-3.58, max|ΔY|=0.000768",22,0.0,0.0,0.0,-1000000.0
20,17,0.9999059508312528,3.2762601142950647,0.04955500177999287,112.07575942068881,70504143899.36055,,22,6.751340297222669,0.0032780463242298163,0.005,-141008287944.60892
20,18,1.0,1.0,0.0,0.0,0.0,"no_reaction: dT=-1.14e-06, max|ΔY|=1.05e-10",22,0.0,0.0,0.0,-1000000.0
20,19,1.0,1.0,0.0,0.0,0.0,"no_reaction: dT=-1.14e-06, max|ΔY|=1.05e-10",22,0.0,0.0,0.0,-1000000.0
20,20,1.0,1.0,0.0,0.0,0.0,"no_reaction: dT=-1.14e-06, max|ΔY|=1.05e-10",22,0.0,0.0,0.0,-1000000.0
20,21,1.0,1.0,0.0,0.0,0.0,"no_reaction: dT=-1.14e-06, max|ΔY|=1.05e-10",22,0.0,0.0,0.0,-1000000.0
20,22,1.0,1.0,0.0,0.0,0.0,"no_reaction: dT=-1.14e-06, max|ΔY|=1.05e-10",22,0.0,0.0,0.0,-1000000.0
20,23,1.0,1.0,0.0,0.0,0.0,"no_reaction: dT=-2.66e-06, max|ΔY|=3.08e-10",22,0.0,0.0,0.0,-1000000.0
20,24,1.0,1.0,0.0,0.0,0.0,"no_reaction: dT=-3.59, max|ΔY|=0.000769",22,0.0,0.0,0.0,-1000000.0
20,25,1.0,1.0,0.0,0.0,0.0,"no_reaction: dT=-1.14e-06, max|ΔY|=1.05e-10",22,0.0,0.0,0.0,-1000000.0
20,26,1.0,1.0,0.0,0.0,0.0,"no_reaction: dT=-1.14e-06, max|ΔY|=1.05e-10",22,0.0,0.0,0.0,-1000000.0
20,27,1.0,1.0,0.0,0.0,0.0,"no_reaction: dT=-1.14e-06, max|ΔY|=1.05e-10",22,0.0,0.0,0.0,-1000000.0
20,28,1.0,1.0,0.0,0.0,0.0,"no_reaction: dT=-2.66e-06, max|ΔY|=3.08e-10",22,0.0,0.0,0.0,-1000000.0
20,29,1.0,1.0,0.0,0.0,0.0,"no_reaction: dT=-2.66e-06, max|ΔY|=3.08e-10",22,0.0,0.0,0.0,-1000000.0
21,0,1.0,1.0,0.0,0.0,0.0,"no_reaction: dT=-2.66e-06, max|ΔY|=3.08e-10",22,0.0,0.0,0.0,-1000000.0
21,1,1.0,1.0,0.0,0.0,0.0,"no_reaction: dT=-1.14e-06, max|ΔY|=1.05e-10",22,0.0,0.0,0.0,-1000000.0
21,2,1.0,1.0,0.0,0.0,0.0,"no_reaction: dT=-1.14e-06, max|ΔY|=1.05e-10",21,0.0,0.0,0.0,-1000000.0
21,3,1.0,1.0,0.0,0.0,0.0,"no_reaction: dT=-1.14e-06, max|ΔY|=1.05e-10",22,0.0,0.0,0.0,-1000000.0
21,4,1.0,1.0,0.0,0.0,0.0,"no_reaction: dT=-1.14e-06, max|ΔY|=1.05e-10",22,0.0,0.0,0.0,-1000000.0
21,5,1.0,1.0,0.0,0.0,0.0,"no_reaction: dT=-1.14e-06, max|ΔY|=1.05e-10",22,0.0,0.0,0.0,-1000000.0
21,6,1.0,1.0,0.0,0.0,0.0,"no_reaction: dT=-1.14e-06, max|ΔY|=1.05e-10",22,0.0,0.0,0.0,-1000000.0
21,7,1.0,1.0,0.0,0.0,0.0,"no_reaction: dT=-1.14e-06, max|ΔY|=1.05e-10",22,0.0,0.0,0.0,-1000000.0
21,8,1.0,1.0,0.0,0.0,0.0,"no_reaction: dT=-1.14e-06, max|ΔY|=1.05e-10",22,0.0,0.0,0.0,-1000000.0
21,9,1.0,1.0,0.0,0.0,0.0,"no_reaction: dT=-2.66e-06, max|ΔY|=3.08e-10",22,0.0,0.0,0.0,-1000000.0
21,10,0.8992122901886658,2.4196158987163425,0.04955500177999287,35.301283254783705,58598752165.483215,,22,1242.4033814334516,0.19414636408662916,0.003998372184242189,-117197504391.41264
21,11,1.0,1.0,0.0,0.0,0.0,"no_reaction: dT=-1.14e-06, max|ΔY|=1.05e-10",22,0.0,0.0,0.0,-1000000.0
21,12,1.0,1.0,0.0,0.0,0.0,"no_reaction: dT=-1.14e-06, max|ΔY|=1.05e-10",22,0.0,0.0,0.0,-1000000.0
21,13,1.0,1.0,0.0,0.0,0.0,"no_reaction: dT=-1.14e-06, max|ΔY|=1.05e-10",21,0.0,0.0,0.0,-1000000.0
21,14,0.9999956114581025,3.2762601142950647,0.04955500177999287,145.58136902204296,71759304196.13063,,22,1.7629684674527653,0.0009248148166538864,0.005,-143518608571.6548
21,15,1.0,1.0,0.0,0.0,0.0,"no_reaction: dT=-1.14e-06, max|ΔY|=1.05e-10",22,0.0,0.0,0.0,-1000000.0
21,16,1.0,1.0,0.0,0.0,0.0,"no_reaction: dT=-2.66e-06, max|ΔY|=3.08e-10",22,0.0,0.0,0.0,-1000000.0
21,17,1.0,1.0,0.0,0.0,0.0,"no_reaction: dT=-1.14e-06, max|ΔY|=1.05e-10",22,0.0,0.0,0.0,-1000000.0
21,18,0.23748126476326353,0.06936517330188652,0.0010679957280170878,15.62050345411857,218823701.63657954,,21,1247.8897152669965,0.19251503209359194,0.0012503509430204175,-437647419.82586354
21,19,0.9992042013715042,3.2762601142950647,0.04955500177999287,126.05422885396766,71748793447.55237,,22,1.2794055800006845,0.001088084315436194,0.005,-143497587054.97034
21,20,1.0,1.0,0.0,0.0,0.0,"no_reaction: dT=-2.66e-06, max|ΔY|=3.08e-10",22,0.0,0.0,0.0,-1000000.0
21,21,1.0,1.0,0.0,0.0,0.0,"no_reaction: dT=-1.14e-06, max|ΔY|=1.05e-10",22,0.0,0.0,0.0,-1000000.0
21,22,0.9986772512753084,3.2762601142950647,0.04955500177999287,114.39752965582805,71614391316.64563,,22,2.901285641085906,0.0017962997124162106,0.005,-143228782781.49963
21,23,1.0,1.0,0.0,0.0,0.0,"no_reaction: dT=-1.14e-06, max|ΔY|=1.05e-10",22,0.0,0.0,0.0,-1000000.0
21,24,1.0,1.0,0.0,0.0,0.0,"no_reaction: dT=-1.14e-06, max|ΔY|=1.05e-10",22,0.0,0.0,0.0,-1000000.0
21,25,1.0,1.0,0.0,0.0,0.0,"no_reaction: dT=-1.14e-06, max|ΔY|=1.05e-10",22,0.0,0.0,0.0,-1000000.0
21,26,1.0,1.0,0.0,0.0,0.0,"no_reaction: dT=-1.14e-06, max|ΔY|=1.05e-10",22,0.0,0.0,0.0,-1000000.0
21,27,1.0,1.0,0.0,0.0,0.0,"no_reaction: dT=-1.14e-06, max|ΔY|=1.05e-10",22,0.0,0.0,0.0,-1000000.0
21,28,1.0,1.0,0.0,0.0,0.0,"no_reaction: dT=-1.14e-06, max|ΔY|=1.05e-10",22,0.0,0.0,0.0,-1000000.0
21,29,1.0,1.0,0.0,0.0,0.0,"no_reaction: dT=-1.14e-06, max|ΔY|=1.05e-10",22,0.0,0.0,0.0,-1000000.0
22,0,1.0,1.0,0.0,0.0,0.0,"no_reaction: dT=-1.14e-06, max|ΔY|=1.05e-10",22,0.0,0.0,0.0,-1000000.0
22,1,0.9992068459079615,3.2762601142950647,0.04955500177999287,126.1754164465541,71749579990.01826,,22,1.2745039694484603,0.0010838398160629426,0.005,-143499160140.02332
22,2,1.0,1.0,0.0,0.0,0.0,"no_reaction: dT=-2.66e-06, max|ΔY|=3.08e-10",22,0.0,0.0,0.0,-1000000.0
22,3,1.0,1.0,0.0,0.0,0.0,"no_reaction: dT=-2.66e-06, max|ΔY|=3.08e-10",22,0.0,0.0,0.0,-1000000.0
22,4,1.0,1.0,0.0,0.0,0.0,"no_reaction: dT=-1.14e-06, max|ΔY|=1.05e-10",22,0.0,0.0,0.0,-1000000.0
22,5,0.9958999412567993,3.2762601142950647,0.04955500177999287,50.281936617075544,66804750576.50527,,22,217.18581941640718,0.03784314601863087,0.005,-133609501237.10054
22,6,0.8991956878602513,2.4196158987163425,0.04955500177999287,35.31822363594005,58597564243.32129,,22,1247.8362791825725,0.19251308573007112,0.003998372184242189,-117195128547.10571
22,7,1.0,1.0,0.0,0.0,0.0,"no_reaction: dT=-1.14e-06, max|ΔY|=1.05e-10",22,0.0,0.0,0.0,-1000000.0
22,8,0.8992131305630473,2.4196158987163425,0.04955500177999287,35.3188526308087,58598788368.42271,,22,1247.837003577617,0.192513113816863,0.003998372184242189,-117197576797.30919
22,9,1.0,1.0,0.0,0.0,0.0,"no_reaction: dT=-1.14e-06, max|ΔY|=1.05e-10",22,0.0,0.0,0.0,-1000000.0
22,10,1.0,1.0,0.0,0.0,0.0,"no_reaction: dT=-1.14e-06, max|ΔY|=1.05e-10",22,0.0,0.0,0.0,-1000000.0
22,11,1.0,1.0,0.0,0.0,0.0,"no_reaction: dT=-1.14e-06, max|ΔY|=1.05e-10",22,0.0,0.0,0.0,-1000000.0
22,12,1.0,1.0,0.0,0.0,0.0,"no_reaction: dT=-1.14e-06, max|ΔY|=1.05e-10",22,0.0,0.0,0.0,-1000000.0
22,13,1.0,1.0,0.0,0.0,0.0,"no_reaction: dT=-1.14e-06, max|ΔY|=1.05e-10",22,0.0,0.0,0.0,-1000000.0
22,14,1.0,1.0,0.0,0.0,0.0,"no_reaction: dT=-1.14e-06, max|ΔY|=1.05e-10",22,0.0,0.0,0.0,-1000000.0
22,15,1.0,1.0,0.0,0.0,0.0,"no_reaction: dT=-2.66, max|ΔY|=0.00439",22,0.0,0.0,0.0,-1000000.0
22,16,1.0,1.0,0.0,0.0,0.0,"no_reaction: dT=-2.66e-06, max|ΔY|=3.08e-10",22,0.0,0.0,0.0,-1000000.0
22,17,1.0,1.0,0.0,0.0,0.0,"no_reaction: dT=-1.14e-06, max|ΔY|=1.05e-10",22,0.0,0.0,0.0,-1000000.0
22,18,1.0,1.0,0.0,0.0,0.0,"no_reaction: dT=-1.14e-06, max|ΔY|=1.05e-10",22,0.0,0.0,0.0,-1000000.0
22,19,1.0,1.0,0.0,0.0,0.0,"no_reaction: dT=-1.14e-06, max|ΔY|=1.05e-10",22,0.0,0.0,0.0,-1000000.0
22,20,1.0,1.0,0.0,0.0,0.0,"no_reaction: dT=-1.14e-06, max|ΔY|=1.05e-10",22,0.0,0.0,0.0,-1000000.0
22,21,1.0,1.0,0.0,0.0,0.0,"no_reaction: dT=-1.14e-06, max|ΔY|=1.05e-10",22,0.0,0.0,0.0,-1000000.0
22,22,1.0,1.0,0.0,0.0,0.0,"no_reaction: dT=-2.66e-06, max|ΔY|=3.08e-10",22,0.0,0.0,0.0,-1000000.0
22,23,1.0,1.0,0.0,0.0,0.0,"no_reaction: dT=-2.66e-06, max|ΔY|=3.08e-10",22,0.0,0.0,0.0,-1000000.0
22,24,1.0,1.0,0.0,0.0,0.0,"no_reaction: dT=-2.66e-06, max|ΔY|=3.08e-10",22,0.0,0.0,0.0,-1000000.0
22,25,1.0,1.0,0.0,0.0,0.0,"no_reaction: dT=-1.14e-06, max|ΔY|=1.05e-10",22,0.0,0.0,0.0,-1000000.0
22,26,1.0,1.0,0.0,0.0,0.0,"no_reaction: dT=-1.14e-06, max|ΔY|=1.05e-10",22,0.0,0.0,0.0,-1000000.0
22,27,1.0,1.0,0.0,0.0,0.0,"no_reaction: dT=-1.14e-06, max|ΔY|=1.05e-10",22,0.0,0.0,0.0,-1000000.0
22,28,1.0,1.0,0.0,0.0,0.0,"no_reaction: dT=-1.14e-06, max|ΔY|=1.05e-10",22,0.0,0.0,0.0,-1000000.0
22,29,0.9986770931829325,3.2762601142950647,0.04955500177999287,114.41178521618721,71615018416.78241,,22,2.907694683152158,0.0017926245509087557,0.005,-143230036981.78745
23,0,1.0,1.0,0.0,0.0,0.0,"no_reaction: dT=-1.14e-06, max|ΔY|=1.05e-10",22,0.0,0.0,0.0,-1000000.0
23,1,1.0,1.0,0.0,0.0,0.0,"no_reaction: dT=-1.14e-06, max|ΔY|=1.05e-10",22,0.0,0.0,0.0,-1000000.0
23,2,1.0,1.0,0.0,0.0,0.0,"no_reaction: dT=-1.14e-06, max|ΔY|=1.05e-10",22,0.0,0.0,0.0,-1000000.0
23,3,1.0,1.0,0.0,0.0,0.0,"no_reaction: dT=-2.66e-06, max|ΔY|=3.08e-10",22,0.0,0.0,0.0,-1000000.0
23,4,1.0,1.0,0.0,0.0,0.0,"no_reaction: dT=-3.58, max|ΔY|=0.000769",22,0.0,0.0,0.0,-1000000.0
23,5,1.0,1.0,0.0,0.0,0.0,"no_reaction: dT=-1.14e-06, max|ΔY|=1.05e-10",22,0.0,0.0,0.0,-1000000.0
23,6,1.0,1.0,0.0,0.0,0.0,"no_reaction: dT=-1.14e-06, max|ΔY|=1.05e-10",22,0.0,0.0,0.0,-1000000.0
23,7,1.0,1.0,0.0,0.0,0.0,"no_reaction: dT=-2.66e-06, max|ΔY|=3.08e-10",22,0.0,0.0,0.0,-1000000.0
23,8,1.0,1.0,0.0,0.0,0.0,"no_reaction: dT=-1.14e-06, max|ΔY|=1.05e-10",22,0.0,0.0,0.0,-1000000.0
23,9,1.0,1.0,0.0,0.0,0.0,"no_reaction: dT=-1.14e-06, max|ΔY|=1.05e-10",22,0.0,0.0,0.0,-1000000.0
23,10,1.0,1.0,0.0,0.0,0.0,"no_reaction: dT=-1.14e-06, max|ΔY|=1.05e-10",22,0.0,0.0,0.0,-1000000.0
23,11,1.0,1.0,0.0,0.0,0.0,"no_reaction: dT=-2.66e-06, max|ΔY|=3.08e-10",22,0.0,0.0,0.0,-1000000.0
23,12,1.0,1.0,0.0,0.0,0.0,"no_reaction: dT=-2.66e-06, max|ΔY|=3.08e-10",22,0.0,0.0,0.0,-1000000.0
23,13,1.0,1.0,0.0,0.0,0.0,"no_reaction: dT=-1.14e-06, max|ΔY|=1.05e-10",22,0.0,0.0,0.0,-1000000.0
23,14,1.0,1.0,0.0,0.0,0.0,"no_reaction: dT=-1.14e-06, max|ΔY|=1.05e-10",22,0.0,0.0,0.0,-1000000.0
23,15,1.0,1.0,0.0,0.0,0.0,"no_reaction: dT=-1.14e-06, max|ΔY|=1.05e-10",22,0.0,0.0,0.0,-1000000.0
23,16,1.0,1.0,0.0,0.0,0.0,"no_reaction: dT=-1.14e-06, max|ΔY|=1.05e-10",22,0.0,0.0,0.0,-1000000.0
23,17,1.0,1.0,0.0,0.0,0.0,"no_reaction: dT=-1.14e-06, max|ΔY|=1.05e-10",22,0.0,0.0,0.0,-1000000.0
23,18,1.0,1.0,0.0,0.0,0.0,"no_reaction: dT=-1.14e-06, max|ΔY|=1.05e-10",22,0.0,0.0,0.0,-1000000.0
23,19,1.0,1.0,0.0,0.0,0.0,"no_reaction: dT=-2.66e-06, max|ΔY|=3.08e-10",22,0.0,0.0,0.0,-1000000.0
23,20,1.0,1.0,0.0,0.0,0.0,"no_reaction: dT=-1.14e-06, max|ΔY|=1.05e-10",22,0.0,0.0,0.0,-1000000.0
23,21,1.0,1.0,0.0,0.0,0.0,"no_reaction: dT=-1.14e-06, max|ΔY|=1.05e-10",22,0.0,0.0,0.0,-1000000.0
23,22,0.2154025873176658,0.04572467880490402,0.04955500177999287,10.663503276004034,10998.582420663717,,22,1246.8065026444524,0.1928696886707117,0.0012227093895775447,-22008.550548980584
23,23,0.7749386687641634,1.500666787059141,0.04955500177999287,33.26120817680453,51978585729.036125,,22,1247.7000100735618,0.19257101306688054,0.0029238946184537377,-103957171507.16463
23,24,1.0,1.0,0.0,0.0,0.0,"no_reaction: dT=-1.14e-06, max|ΔY|=1.05e-10",22,0.0,0.0,0.0,-1000000.0
23,25,0.7504973044613416,1.3913242536429404,0.04955500177999287,33.63170785380672,50243503330.00387,,22,1247.889787768781,0.1925150329469787,0.002796046299486095,-100487006708.35274
23,26,1.0,1.0,0.0,0.0,0.0,"no_reaction: dT=-1.14e-06, max|ΔY|=1.05e-10",22,0.0,0.0,0.0,-1000000.0
23,27,1.0,1.0,0.0,0.0,0.0,"no_reaction: dT=-1.14e-06, max|ΔY|=1.05e-10",22,0.0,0.0,0.0,-1000000.0
23,28,1.0,1.0,0.0,0.0,0.0,"no_reaction: dT=-1.14e-06, max|ΔY|=1.05e-10",22,0.0,0.0,0.0,-1000000.0
23,29,1.0,1.0,0.0,0.0,0.0,"no_reaction: dT=-1.14e-06, max|ΔY|=1.05e-10",22,0.0,0.0,0.0,-1000000.0
24,0,1.0,1.0,0.0,0.0,0.0,"no_reaction: dT=-1.14e-06, max|ΔY|=1.05e-10",22,0.0,0.0,0.0,-1000000.0
24,1,1.0,1.0,0.0,0.0,0.0,"no_reaction: dT=-2.66e-06, max|ΔY|=3.08e-10",22,0.0,0.0,0.0,-1000000.0
24,2,1.0,1.0,0.0,0.0,0.0,"no_reaction: dT=-1.14e-06, max|ΔY|=1.05e-10",22,0.0,0.0,0.0,-1000000.0
24,3,1.0,1.0,0.0,0.0,0.0,"no_reaction: dT=-1.14e-06, max|ΔY|=1.05e-10",22,0.0,0.0,0.0,-1000000.0
24,4,1.0,1.0,0.0,0.0,0.0,"no_reaction: dT=-1.14e-06, max|ΔY|=1.05e-10",22,0.0,0.0,0.0,-1000000.0
24,5,1.0,1.0,0.0,0.0,0.0,"no_reaction: dT=-1.14e-06, max|ΔY|=1.05e-10",22,0.0,0.0,0.0,-1000000.0
24,6,0.9996272396818985,3.2762601142950647,0.04955500177999287,60.49794116798596,67352032836.86878,,22,141.76439875751976,0.02564951272457064,0.005,-134704065768.04729
24,7,1.0,1.0,0.0,0.0,0.0,"no_reaction: dT=-1.14e-06, max|ΔY|=1.05e-10",22,0.0,0.0,0.0,-1000000.0
24,8,1.0,1.0,0.0,0.0,0.0,"no_reaction: dT=-1.14e-06, max|ΔY|=1.05e-10",22,0.0,0.0,0.0,-1000000.0
24,9,1.0,1.0,0.0,0.0,0.0,"no_reaction: dT=-2.66e-06, max|ΔY|=3.08e-10",22,0.0,0.0,0.0,-1000000.0
24,10,1.0,1.0,0.0,0.0,0.0,"no_reaction: dT=-1.14e-06, max|ΔY|=1.05e-10",22,0.0,0.0,0.0,-1000000.0
24,11,1.0,1.0,0.0,0.0,0.0,"no_reaction: dT=-1.14e-06, max|ΔY|=1.05e-10",22,0.0,0.0,0.0,-1000000.0
24,12,1.0,1.0,0.0,0.0,0.0,"no_reaction: dT=-2.66e-06, max|ΔY|=3.08e-10",22,0.0,0.0,0.0,-1000000.0
24,13,0.9999486383701129,3.2762601142950647,0.04955500177999287,144.49034742695267,71751623848.80914,,22,1.9233413361084786,0.0009407284799322901,0.005,-143503247875.92075
24,14,1.0,1.0,0.0,0.0,0.0,"no_reaction: dT=-1.14e-06, max|ΔY|=1.05e-10",22,0.0,0.0,0.0,-1000000.0
24,15,1.0,1.0,0.0,0.0,0.0,"no_reaction: dT=-1.14e-06, max|ΔY|=1.05e-10",22,0.0,0.0,0.0,-1000000.0
24,16,0.997184279210005,3.2762601142950647,0.04955500177999287,46.74334113210523,65673800733.99616,,22,240.52646529788626,0.045734602773008365,0.005,-131347601548.54501
24,17,1.0,1.0,0.0,0.0,0.0,"no_reaction: dT=-2.66e-06, max|ΔY|=3.08e-10",22,0.0,0.0,0.0,-1000000.0
24,18,1.0,1.0,0.0,0.0,0.0,"no_reaction: dT=-1.14e-06, max|ΔY|=1.05e-10",22,0.0,0.0,0.0,-1000000.0
24,19,1.0,1.0,0.0,0.0,0.0,"no_reaction: dT=-1.14e-06, max|ΔY|=1.05e-10",22,0.0,0.0,0.0,-1000000.0
24,20,1.0,1.0,0.0,0.0,0.0,"no_reaction: dT=-1.14e-06, max|ΔY|=1.05e-10",22,0.0,0.0,0.0,-1000000.0
24,21,1.0,1.0,0.0,0.0,0.0,"no_reaction: dT=-1.14e-06, max|ΔY|=1.05e-10",22,0.0,0.0,0.0,-1000000.0
24,22,0.99584312197024,3.2762601142950647,0.04955500177999287,42.02333822449576,66109218654.414925,,22,340.5057639911379,0.061000531741914166,0.005,-132218437384.6612
24,23,1.0,1.0,0.0,0.0,0.0,"no_reaction: dT=-1.14e-06, max|ΔY|=1.05e-10",22,0.0,0.0,0.0,-1000000.0
24,24,1.0,1.0,0.0,0.0,0.0,"no_reaction: dT=-1.14e-06, max|ΔY|=1.05e-10",22,0.0,0.0,0.0,-1000000.0
24,25,1.0,1.0,0.0,0.0,0.0,"no_reaction: dT=-1.14e-06, max|ΔY|=1.05e-10",22,0.0,0.0,0.0,-1000000.0
24,26,1.0,1.0,0.0,0.0,0.0,"no_reaction: dT=-1.14e-06, max|ΔY|=1.05e-10",22,0.0,0.0,0.0,-1000000.0
24,27,1.0,1.0,0.0,0.0,0.0,"no_reaction: dT=-1.14e-06, max|ΔY|=1.05e-10",22,0.0,0.0,0.0,-1000000.0
24,28,1.0,1.0,0.0,0.0,0.0,"no_reaction: dT=-1.14e-06, max|ΔY|=1.05e-10",22,0.0,0.0,0.0,-1000000.0
24,29,1.0,1.0,0.0,0.0,0.0,"no_reaction: dT=-1.14e-06, max|ΔY|=1.05e-10",22,0.0,0.0,0.0,-1000000.0
