time,tau_pv_full,tau_pv_red,tau_spts_full,tau_spts_red
0.0,231.17361290517124,232.35527464747878,1.6635383757654856,1.6318309757371956
1e-12,231.16426750070138,232.3459503619999,1.62277870142964,1.6037609134880337
1.0226068055733368e-12,231.164083215429,232.34576591665308,1.6393708855211013,1.6262723658360811
1.0457246788049042e-12,231.16392234989584,232.34560423558884,1.6450012800475862,1.6257230676504988
1.0693651733018866e-12,231.16375784793678,232.34543889965965,1.6383044536361138,1.619104720731702
1.0935401038616198e-12,231.16358962735484,232.34526982625513,1.645557083742832,1.6262723579350378
1.118261552376266e-12,231.16341760409472,232.34509693089714,1.6408543471087882,1.6191047153569873
1.1435418738709739e-12,231.16324169220906,232.3449201271966,1.6454180730225085,1.6225492540570066
1.1693937026785442e-12,231.1630618037959,232.3447393268075,1.6417898288965647,1.6261349733897448
1.1958299587536824e-12,231.1628778489583,232.34455443938464,1.6383044395693005,1.6216247236680046
1.2228638541299982e-12,231.16268973580102,232.34436537255698,1.6341418753598498,1.6144661033014376
1.2505088995229814e-12,231.16249737031953,232.34417203184466,1.648108296930208,1.62932935696692
1.2787789110822247e-12,231.16230065639834,232.34397432065222,1.6412534400987047,1.6225492390965695
1.3076880172963437e-12,231.16209949575622,232.34377214019443,1.6408543259401418,1.6216247113150088
1.3372506660539443e-12,231.16189378787612,232.3435653894427,1.642325633145043,1.6225492326282331
1.3674816318642409e-12,231.16168342997233,232.34335396509636,1.6444785160385744,1.62162470471172
1.398396023240905e-12,231.1614683169428,232.34313776151689,1.6413913788976073,1.6196319221521918
1.4300092902528394e-12,231.1612483413117,232.34291667068422,1.6412534231861886,1.6225492223669173
1.4623372322456506e-12,231.16102339317035,232.34269058213087,1.6413913717450825,1.6185768962917402
1.4953960057376793e-12,231.16079336011953,232.3424593828883,1.6419278798839896,1.6252064156459956
1.5292021324945354e-12,231.16055812722738,232.3422229574477,1.6443397658921766,1.625602393595683
1.5637725077861713e-12,231.16031757697084,232.34198118768288,1.6448791711606503,1.6256023897497576
1.5991244088306224e-12,231.1600715891566,232.3417339527891,1.6454180216845937,1.6261349255354787
1.6352755034286335e-12,231.15982004088426,232.3414811292536,1.6448791631111448,1.6261349215097487
1.6722438587934848e-12,231.1595628064781,232.3412225907551,1.6419278600821905,1.6252063959861647
1.7100479505804356e-12,231.15929975741255,232.3409582081208,1.644879154693594,1.6225491913880108
1.7487066721202905e-12,231.15903076226866,232.34068784926296,1.6444784731532722,1.625739610321541
1.7882393438617105e-12,231.1587556866543,232.34041137910614,1.6376332928406792,1.6184414252145092
1.8286657230269833e-12,231.158474393133,232.34012865952113,1.637736066070738,1.6154956713066333
1.87000601348608e-12,231.15818674117114,232.33983954925964,1.6413913261428201,1.622155418465459
1.9122808758539377e-12,231.15789258705695,232.33954390388277,1.6450180004552788,1.6226856382511066
1.9555114378159778e-12,231.15759178383504,232.3392415756914,1.645522232017797,1.6231811568902637
1.99971930468712e-12,231.1572841812216,232.33893241363717,1.641391311632958,1.622155404126548
2.04492657020943e-12,231.15696962554034,232.33861626326052,1.6450179855188134,1.6287935847997284
2.0911558275939045e-12,231.15664795964688,232.3382929666303,1.645522216729622,1.625705258671957
2.13843018081187e-12,231.15631902284133,232.33796236222884,1.6377360316511291,1.61907070807704
2.1867732561416394e-12,231.15598265079194,232.33762428488504,1.641391290708894,1.622155383449006
2.2362092139762058e-12,231.15563867546123,232.3372785657115,1.6434728655635846,1.622420558437139
2.28676276089787e-12,231.15528692500249,232.33692503199802,1.638270021158061,1.6203314071591777
2.338459162025835e-12,231.1549272236959,232.33656350712576,1.6437070203815956,1.6241783362290594
2.391324253642941e-12,231.15455939185307,232.33619381049678,1.6434382254607032,1.6257052252720603
2.445384456107851e-12,231.15418324571502,232.33581575742627,1.6413912617803672,1.6221553548612944
2.5006667870591413e-12,231.15379859737925,232.33542915905264,1.643169285677886,1.6239125422615175
2.557198874917888e-12,231.15340525469986,232.33503382225675,1.6447482242107272,1.625472977361807
2.615008972695512e-12,231.15300302118246,232.33462954955104,1.6395800265954747,1.622155336110448
2.6741259721137707e-12,231.15259169589925,232.3342161389835,1.6429002004758437,1.624178298984379
2.7345794180439566e-12,231.15217107337727,232.3337933840467,1.6434381869199632,1.625438660969062
2.7963995232725248e-12,231.1517409435067,232.3333610735641,1.6413567312201311,1.6236465968913378
2.859617183600518e-12,231.1513010914304,232.3329189915833,1.6395456220803228,1.6190706288086387
2.9242639932843478e-12,231.15085129743613,232.3324669172809,1.6419277198924727,1.6208943131532372
2.9903722608256483e-12,231.15039133684283,232.33200462484228,1.643203836407617,1.6254729291830186
3.0579750251180334e-12,231.1499209799048,232.3315318833526,1.6434381506090576,1.6257051510934644
3.1271060719589962e-12,231.14943999167943,232.33104845667788,1.6434727655272283,1.624212465663172
3.197799950934974e-12,231.14894813191697,232.3305541033493,1.641659502489667,1.6224204520876537
3.2700919926881864e-12,231.1484451549397,232.33004857644596,1.641356678235687,1.6221211766037693
3.3440183265738137e-12,231.14793080952634,232.3295316234714,1.6431691910327195,1.6239124487314054
3.419615898716343e-12,231.1474048387709,232.32900298622056,1.6413911528017269,1.6206298256536513
3.4969224904741144e-12,231.14686697997178,232.3284624006557,1.6431691738730339,1.6239124317738907
3.575976737321291e-12,231.14631696449288,232.32790959678167,1.6434727151247617,1.625472864050383
3.656818148156689e-12,231.1457545176278,232.3273442984976,1.643472706047305,1.6242124068840027
3.739487125049116e-12,231.14517935846789,232.32676622346773,1.6434380740887475,1.6244438197705948
3.824024983429097e-12,231.14459119975513,232.32617508298827,1.6416508051495833,1.623938045399904
3.9104739727370615e-12,231.14398974774946,232.32557058181968,1.6432037331426008,1.623946586049496
3.9988772975383215e-12,231.14337470207192,232.32384487716584,1.641659412836252,1.6239465586742652
4.0892791391154006e-12,231.14159342700592,232.32155283414966,1.6449830162484889,1.6241780980395668
4.1817246775484844e-12,231.13904618231666,232.32034023081746,1.6431950017588357,1.6239379528418987
4.276260114295047e-12,231.13761897843656,232.3196241443298,1.640115054530616,1.6224202792033242
4.37293269527993e-12,231.13689040588272,232.3188918739752,1.641659308511886,1.6224202676205821
4.47179073450741e-12,231.1361453673777,232.31814305410273,1.6415251513834217,1.6213923586593284
4.572883638207087e-12,231.13538349090388,232.31737731079522,1.6416506570162273,1.6215162547423476
4.676261929525527e-12,231.13460439602906,232.3165942616975,1.6413909469732753,1.623050572727661
4.781977273776308e-12,231.13380769373956,232.31579351582224,1.642431409342887,1.6231833202865436
4.890082504260683e-12,231.13299298623406,232.31497467334648,1.6424313962174242,1.6231833073157222
5.00063164867208e-12,231.13215986673353,232.31413732543191,1.6425656827373585,1.6239464046843581
5.113679956097484e-12,231.13130791927966,232.31328105399737,1.6425656690083839,1.6224201788686359
5.229283924629249e-12,231.1304367185072,232.31240543152322,1.6413908799563777,1.621392268073366
5.347501329601118e-12,231.12954582945383,232.31151002085278,1.6415250452360934,1.6231832524331222
5.468391252462569e-12,231.12863480735655,232.31059437494753,1.6433293211136983,1.624967067047439
5.592014110305926e-12,231.12770319738738,232.30965803667658,1.6413822129780378,1.6213837147414691
5.718431686060968e-12,231.1267505344534,232.308700538591,1.6416591453802107,1.6224201064108297
5.8477071593721566e-12,231.1257763429771,232.3077214026974,1.640744421672966,1.621383684164498
5.979905138173892e-12,231.12478013663556,232.30672014020442,1.6416591136784964,1.623050416350678
6.115091690979587e-12,231.1237614181355,232.30569625129257,1.6422969130327267,1.6222874858237406
6.253334379900689e-12,231.1227196789476,232.30464922485493,1.6422968962522755,1.6222874692643607
6.394702294412166e-12,231.12165439907614,232.30357853825274,1.6416590633874026,1.6231831267864836
6.539266085881312e-12,231.12056504679066,232.30248365705702,1.6408869068428498,1.6216569176620015
6.687098002877145e-12,231.11945107834453,232.30136403476553,1.640744320073045,1.6222788932487113
6.838271927278038e-12,231.1183119377367,232.30021911255153,1.64255681802051,1.6233072593287519
6.992863411195618e-12,231.11714705641188,232.299048318978,1.642565440793704,1.6233157810537515
7.150949714733448e-12,231.1159558529838,232.2978510697053,1.642431121717081,1.623183036049368
7.312609844599134e-12,231.11473773295234,232.29662676721284,1.6416567952731438,1.6224177838565061
7.477924593589654e-12,231.11349208839462,232.29537480049842,1.6415226307053536,1.62228519155042
7.646976580969009e-12,231.1122182976829,232.29409454477192,1.6415161413774773,1.6221461732602438
7.819850293758834e-12,231.11091572514886,232.29278536114762,1.6415225892596839,1.6222851505930402
7.99663212896244e-12,231.10958372079347,232.29144659632422,1.6430664916944235,1.6231808000235712
8.177410436743393e-12,231.1082216199583,232.2900775822632,1.6422945033609586,1.622285107762875
8.362275564580226e-12,231.10682874297686,232.28867763585382,1.6424288147762967,1.6233134816252541
8.551319902419355e-12,231.10540439485814,232.28724605857877,1.6425630911302358,1.624076753255427
8.744637928848755e-12,231.1039478649337,232.28578213616314,1.643328922679236,1.623307030543877
8.942326258315463e-12,231.10245842651082,232.28428513822413,1.641515984366682,1.6218971761311471
9.144483689410546e-12,231.1009353364933,232.2827543178938,1.6425630190944858,1.6236950338372549
9.351211254245598e-12,231.09937783504097,232.28118891147312,1.6419776629779266,1.6231163962666877
9.562612268945526e-12,231.09778514516898,232.27958813803292,1.6415916111190345,1.6219718639149359
9.778792385282783e-12,231.09615647236402,232.27795119903797,1.6424957967471068,1.6232469531795124
9.999859643478897e-12,231.0944910042118,232.27627727794155,1.642044699790937,1.6231826942271588
1.022592452619968e-11,231.09278790997132,232.27456553978553,1.6423635855231726,1.622734786497559
1.0457100013771092e-11,231.09104634017055,232.2728151307895,1.6419753707380143,1.622284834691215
1.0693501640643396e-11,231.08926542618633,232.27102517792082,1.6415222409368284,1.6226662604127329
1.0935247553131578e-11,231.08744427981085,232.26919478846358,1.641977470812809,1.623182581995894
1.118245856846153e-11,231.0855819928194,232.26732304958327,1.6419752827424776,1.6223510382623396
1.1435258235150632e-11,231.08367763650944,232.26540902786206,1.6424306015420767,1.6231825220027616
1.169377289475358e-11,231.0817302612454,232.26345176884948,1.6411361452416284,1.622284686556707
1.195813174500403e-11,231.07973889599,232.2614502965748,1.6419080648050441,1.6222846548905452
1.2228466904383682e-11,231.07770254782085,232.25940361307926,1.6415242111730846,1.6226682089454882
1.2504913478151066e-11,231.07562020144053,232.25731069790862,1.6423611492535322,1.6226660432801245
1.2787609625863027e-11,231.07349081867196,232.2551705076201,1.6419772460958975,1.6227344793913772
1.3076696630422641e-11,231.07131333794712,232.25298197525362,1.6424282423813592,1.6236281563792534
1.3372318968688113e-11,231.06908667378053,232.25074400981669,1.641975017083365,1.6222844854923615
1.3674624383677888e-11,231.06680971622544,232.24845549573425,1.6419749804096795,1.6227322402632265
1.3983763958408103e-11,231.06448133034263,232.24611529229955,1.6424302921171583,1.6235637697792653
1.429989219139927e-11,231.06210035561975,232.2437222331102,1.642428093868473,1.6231800437380735
1.4623167073889908e-11,231.05966560540992,232.24127512549845,1.6423608920997812,1.623113629502242
1.4953750168795756e-11,231.05717586633756,232.2383373010782,1.6419764437926023,1.6227336795997778
1.5291806691453973e-11,231.05462989770683,232.23460789869648,1.642362430627328,1.622733620505287
1.5637505592192722e-11,231.05202643088424,232.23121614325115,1.642295757160944,1.622286307442264
1.599101964076739e-11,231.04936416866357,232.22847191658892,1.6424295084402263,1.6227335232985365
1.6352525512705628e-11,231.04664178464478,232.22566571879824,1.6423628417574774,1.6231155163302617
1.6722203877604392e-11,231.0435760488364,232.22279615197462,1.6419762247057692,1.62273343339303
1.7100239489423162e-11,231.03934193200826,232.21986178675238,1.6419090324977377,1.6223518855405825
1.7486821278818046e-11,231.03526974093333,232.21686116159628,1.6419089668670672,1.6226670020461627
1.7882142447563974e-11,231.03221687813274,232.21379278208022,1.6420436965278473,1.622924575747895
1.8286400565110765e-11,231.02909508329267,232.21065512016557,1.6421690048087894,1.6225424901031102
1.869979766732238e-11,231.0259028018917,232.20744661342434,1.6419429184915268,1.6227005558046317
1.912254035744827e-11,231.02263844443564,232.2041656642893,1.6419764268116002,1.6229244231759616
1.9554839909377387e-11,231.01930038568466,232.20081063925582,1.6422359858877589,1.6231809642915853
1.999691237322641e-11,231.01588696384815,232.19737986808815,1.642168791903542,1.622956959386771
2.0448978683314988e-11,231.01239647976615,232.1938716429831,1.6419421613763816,1.6227329751527857
2.0911264768582e-11,231.00882719606406,232.1902842177455,1.641942643346532,1.6226671141634081
2.1384001665497897e-11,231.00517733632017,232.18661580692103,1.6422027295421637,1.622924145010455
2.186742563352972e-11,231.00144508418117,232.18286458492096,1.6417489840327744,1.622542049938941
2.2361778273216325e-11,230.99762858245924,232.17902868512297,1.642202068088893,1.6229566684845078
2.286730664691299e-11,230.99372593224496,232.1751061989596,1.6419759608685869,1.622733210994012
2.3384263402265622e-11,230.98973519194436,232.17109517497053,1.6422024805560769,1.6227663128850938
2.3912906898476336e-11,230.98565437635656,232.16699361786647,1.6419417304032,1.6227325492308924
2.445350133542349e-11,230.98148145567353,232.16279948752148,1.6419757635057717,1.622733015956381
2.5006316885700845e-11,230.9772143545072,232.15851069799993,1.6420092534359365,1.6225421971276832
2.557162982964113e-11,230.972850950857,232.1541251165114,1.6421686377332276,1.6227328784717958
2.6149722693393166e-11,230.96838907507762,232.14964056238222,1.6421685657783542,1.622765972824644
2.6740884390119376e-11,230.9638265088122,232.14505480598606,1.6419749393780865,1.622541450912756
2.734541036438588e-11,230.9591609839099,232.14036556764106,1.6419748641596426,1.6227321271720292
2.7963602739816657e-11,230.95439018132126,232.13557051650622,1.6417482258279514,1.6226988836387994
2.859577047008572e-11,230.9495117299502,232.13066726943504,1.6420082672368939,1.6229227245576148
2.924222949332271e-11,230.94452320550857,232.12565338982213,1.642168045928168,1.622732293836725
2.990330289000915e-11,230.93942212932848,232.1205263863963,1.6422015341494554,1.6229229637650024
3.0579321044444183e-11,230.93420596715163,232.1152837120154,1.641747900500167,1.6227317295311874
3.127062180986058e-11,230.92887212788176,232.10992276241885,1.642201498884665,1.6227653431210425
3.197755067727344e-11,230.92341796235118,232.1044408749707,1.6422014108879406,1.6229891940153853
3.2700460948146085e-11,230.91784076199124,232.09883532733372,1.6419747373718039,1.6227320019115494
3.343971391095931e-11,230.91213775754267,232.09310333617253,1.6420082040395727,1.6229226621202997
3.419567902177237e-11,230.9063061176936,232.0872420557891,1.6419744164480599,1.6229224357879255
3.496873408886581e-11,230.90034294770646,232.08124857672595,1.6419403548587614,1.6225404395739222
3.5759265461558513e-11,230.8942452880085,232.0751199243692,1.6420708631521963,1.6229389656033784
3.6567668223293303e-11,230.88801011275325,232.06885305749427,1.641957476067704,1.6228269018090584
3.7394346389087576e-11,230.88163432835344,232.062444866786,1.6420874422076535,1.6228102137435714
3.823971310744768e-11,230.87511477197967,232.0556325431295,1.6421837115017608,1.622938522981771
3.910419086684793e-11,230.86844821002757,232.04820414280593,1.641990720152426,1.6228597452336007
3.998821170687741e-11,230.861631336542,232.04085147356562,1.6420869844878632,1.6228429098333195
4.089221743416038e-11,230.85466077162815,232.0337877034631,1.6421833813332,1.622842797726414
4.181665984315706e-11,230.84753305981295,232.02656468883475,1.6419736030757757,1.6227308552708175
4.276200094195767e-11,230.8402446683681,232.0191788499595,1.641990130125749,1.6227471876797661
4.372871318317935e-11,230.83279198560237,232.01162652711926,1.6419732302857066,1.62282586013156
4.471727970008369e-11,230.82494719511317,232.0039039788293,1.641989883171589,1.6227303623363403
4.5728194548032e-11,230.8162791548222,231.99600738003207,1.6420696045823018,1.6227137868533408
4.676196295139907e-11,230.80761732389473,231.9879328202531,1.6419556388930143,1.6227297089287753
4.781910155606893e-11,230.7994026772336,231.97967630171658,1.6420861144457384,1.622842072038545
4.8900138687638626e-11,230.79100292834124,231.97123373743239,1.6420691962923812,1.6228253521556473
5.000561461545927e-11,230.78241392022832,231.96260094922098,1.6420857051523894,1.6228416675586825
5.113608182264617e-11,230.77363140318536,231.9537736657097,1.6419722747999626,1.6226176110891408
5.2292105282192965e-11,230.76465103273839,231.94474752028324,1.6419722646389163,1.6228249315235523
5.347426273932795e-11,230.75546836758434,231.93551804899505,1.642164993507149,1.6229200267686252
5.4683145000253465e-11,230.7460788674444,231.92608068841847,1.6418754588500253,1.6226338851468864
5.5919356227412774e-11,230.73647789089148,231.91643077347314,1.6420683154730717,1.6227456895998864
5.718351424143205e-11,230.72666069315548,231.9065635352038,1.6419716509388433,1.6228409107363835
5.847625082988824e-11,230.71662242383118,231.8964740984818,1.6417615685305833,1.6226167011936539
5.979821206305744e-11,230.70635812458093,231.886157479687,1.6420677950004248,1.6228073810581936
6.115005861680013e-11,230.6958627267661,231.87560858434736,1.6419711195556854,1.6227118414825827
6.253246610274828e-11,230.6851310490355,231.86482220470455,1.6419541998092886,1.6227117034102794
6.394612540595438e-11,230.67415779486515,231.8537930172313,1.642084090650164,1.622840072085176
6.5391743030175e-11,230.6629375500389,231.8425155801119,1.642197067981283,1.6228397594838777
6.687004145095977e-11,230.65146478008586,231.83098433066735,1.6420501583345528,1.622727748983148
6.838175947672258e-11,230.63973382765985,231.81919358270852,1.6419534659457633,1.6226321869915938
6.992765261797552e-11,230.62773890984886,231.8071375238529,1.641970051987831,1.6228227445540038
7.150849346490993e-11,230.61547411546394,231.79481021277263,1.6420579678218905,1.6227831533767154
7.312507207351337e-11,230.60293340223996,231.78220557640486,1.6419612608965433,1.622726973434306
7.477819636041552e-11,230.59011059397963,231.76931740706706,1.6419610534880889,1.6227101851343317
7.646869250666023e-11,230.57699937766387,231.75613935955985,1.6420342312084502,1.6228384857839921
7.819740537060556e-11,230.56359330047255,231.74266494817493,1.6421703844365922,1.622885960163315
7.996519891015824e-11,230.54988576676456,231.72888754364095,1.6420652980063732,1.6228214997951012
8.177295661455339e-11,230.5358700349766,231.71464161122603,1.6420335656200193,1.6228378253193612
8.36215819458955e-11,230.52153921448758,231.69981939731693,1.6419599439531676,1.6227173707367912
8.55119987906812e-11,230.50688626237584,231.6848107451705,1.642007924926325,1.6227170983165153
8.744515192152954e-11,230.49190398015432,231.66971275608077,1.6420160729955398,1.622781128839561
8.942200746935045e-11,230.47658501041042,231.65427548453363,1.641959216199628,1.6227643318854112
9.144355340618752e-11,230.46092183338212,231.63849135305438,1.642063823867737,1.62282831951022
9.351080003897624e-11,230.4449067634782,231.62235261707485,1.6420635981742027,1.6227721157764543
9.562478051446454e-11,230.42853194570867,231.60585136133224,1.6420717241146303,1.6228195399934278
9.778655133554844e-11,230.41163972279418,231.5889794962285,1.641941383995678,1.6227073138594985
9.999719288927829e-11,230.39401986921834,231.5717287540877,1.6419494881336842,1.6227153306981814
1.0225780998680565e-10,230.37613824024226,231.55409068534266,1.6420142302670127,1.622827008024001
1.0456953241553257e-10,230.35819619512372,231.5360566546597,1.6420453752928499,1.6227064372175606
1.0693351550374526e-10,230.33985142763876,231.51761783696514,1.641996826890952,1.6227621211558574
1.0935094069801181e-10,230.32109496494297,231.4987652134169,1.6420133377663222,1.6228261259460308
1.1182301615363324e-10,230.30191763730454,231.4794895672726,1.6420130267138404,1.622761546511371
1.1435097733844252e-10,230.28231007391784,231.45978147969018,1.6420126749067054,1.6227611988519177
1.1693608765025372e-10,230.26226269864438,231.43963132543647,1.6419557328174519,1.6226572393810998
1.1957963904826968e-10,230.2417657256623,231.41902926852273,1.6420036264275724,1.6228165277597435
1.2228295269876368e-10,230.22080915503608,231.39796525775327,1.642003311573415,1.622704259907138
1.2504737963535817e-10,230.19938276819488,231.3764290221649,1.6420029721681881,1.6227599021557717
1.2787430143422995e-10,230.17747612331968,231.35441006641506,1.6420026164684478,1.6227595506463173
1.3076513090457982e-10,230.15507855065223,231.33189766604613,1.6419539929231588,1.6227591828580767
1.337213127947116e-10,230.13217914770883,231.3088808626835,1.6420018807613972,1.622758823606184
1.3674432451407354e-10,230.1087667743988,231.28534845912765,1.6420098824957166,1.6227667315923895
1.3983567687162047e-10,230.08483004805365,231.26128901435422,1.642001111411406,1.622749770980046
1.4299691483087313e-10,230.0603573383482,231.2366908384218,1.6420290010182776,1.622793918613819
1.4622961828204167e-10,230.03533676215892,231.21154198728834,1.6420086889709877,1.6227614060475826
1.4953540283160704e-10,230.00975617828817,231.18583025751371,1.6419799519928224,1.6227806917469463
1.5291592060975177e-10,229.9836031821073,231.15954318087984,1.6419994571274605,1.6227564285230751
1.5637286109604421e-10,229.9568651001028,231.1326680189045,1.6419665147606746,1.6227041755864293
1.5990795196378888e-10,229.92952898430795,231.10510102010105,1.641917811251525,1.6226757375191716
1.635229599434647e-10,229.90158160665254,231.0768175767769,1.64196980184115,1.6227271146518325
1.6721969170568316e-10,229.8730094531773,231.04798704989435,1.6419934620135597,1.6227504951346434
1.7099999476410684e-10,229.843798718185,231.0186068606329,1.6419405492654005,1.6226982020628586
1.748657583987806e-10,229.81393529824078,230.98857020542482,1.641964179526149,1.6227453973472739
1.788189146003359e-10,229.78340478609636,230.9578625938084,1.641939557084919,1.6226972206750268
1.828614390355408e-10,229.75219246449447,230.92646922352438,1.6419432434055496,1.6226967175847495
1.8699535203467785e-10,229.72028329986063,230.89437497418044,1.641962661776737,1.6227159077402091
1.9122271960124348e-10,229.68766193588706,230.86156440080333,1.641986246431298,1.6227278111567893
1.9554565444447345e-10,229.65413351678842,230.82802172726818,1.6419573864440002,1.6227428318410781
1.9996631703521057e-10,229.61981878033183,230.79373083961264,1.641961011543822,1.6227142851067433
2.0448691668564178e-10,229.5849153976871,230.75867527925013,1.641932121667948,1.6226940262818008
2.0910971265344518e-10,229.54926314339622,230.72283823604965,1.641955672621944,1.6227131554874203
2.1383701527089793e-10,229.5128163548979,230.6862025413059,1.641930952599051,1.6227167131099738
2.1867118709950975e-10,229.47555758813178,230.6487506606006,1.6419062191785554,1.6226881235724735
2.236146441107591e-10,229.43746902796445,230.61046468651554,1.641949650711546,1.6227113502481578
2.2866985689352194e-10,229.39853248084054,230.5713263312575,1.6419290846207404,1.6227065751024687
2.338393518887975e-10,229.358729367316,230.53131691914996,1.64192423652929,1.6226820879799637
2.391257126523426e-10,229.31804071445734,230.4904173789893,1.641927767848648,1.622681432163782
2.445315811458597e-10,229.276447148144,230.44860823630134,1.6419186950134845,1.622676611486243
2.5005965905736477e-10,229.2339288852086,230.4058696054544,1.641913803822502,1.6226479364618362
2.557127091514095e-10,229.19046572549001,230.3621811816692,1.6419456061293596,1.6227032073187873
2.614935566498266e-10,229.14603704374946,230.31752223288404,1.6419690022987308,1.6227024878380532
2.674050906436895e-10,229.10062178145878,230.27187159150998,1.6418916904214202,1.6226457778832737
2.734502655371919e-10,229.05419843846673,230.2252076460412,1.6418867280177312,1.6226730062221402
2.796321025241685e-10,229.0067450645398,230.1775083325725,1.6418901527555239,1.622648403980027
2.8595369109799575e-10,228.9582392507952,230.12875112617306,1.6419014164946555,1.6226771580829238
2.924181905956261e-10,228.90865812097198,230.07891303211593,1.6419126664142047,1.6226706539009905
2.9902883177652837e-10,228.85797832261963,230.02800953237573,1.641895577095564,1.6226677567633592
3.0578891843732237e-10,228.80617601813088,229.97600727150336,1.641906787552461,1.6226669127773043
3.1270182906291583e-10,228.75322687566364,229.92281650185302,1.6418959525983263,1.6226541306761817
3.1977101851496794e-10,228.6991060599471,229.86842226011348,1.6418887700067386,1.622663098166321
3.27000019758525e-10,228.64378822294285,229.81282494796005,1.641902016635179,1.6226601231998903
3.3439244562768326e-10,228.58724749441015,229.75599856434027,1.6418989881415165,1.6226571299646058
3.4195199063118086e-10,228.52945747232755,229.69791657373227,1.6418838791443495,1.622630277583796
3.4968243279879543e-10,228.47039121320682,229.6385518964122,1.6418871004569557,1.6226433082583236
3.575876355694892e-10,228.4100212222929,229.5778768985865,1.6418656515876215,1.6226143360614995
3.6567154972223783e-10,228.34840651472072,229.51586338242467,1.641880890039809,1.6226371719739914
3.7393821535050916e-10,228.2854974090287,229.45248257596998,1.641865686755802,1.6226200770909456
3.8239176388137865e-10,228.2211186801039,229.3877051229233,1.6418604236412526,1.6226210954305773
3.9103642014029025e-10,228.1552629260355,229.32150107234222,1.6418734954478398,1.6226179484894503
3.998765044624954e-10,228.08795767750613,229.25383986819935,1.6418582230702787,1.622628767865463
4.0891643485222456e-10,228.0191719264072,229.18469033885967,1.6418429235477503,1.6226038005668588
4.1816072919067085e-10,227.9488740416539,229.11402068643525,1.6418517248514892,1.622598506256734
4.2761400749388905e-10,227.87703175850277,229.04179847604917,1.6418646903627447,1.6226092470557882
4.3728099422173875e-10,227.80361216776384,228.9679906249976,1.6418330582119662,1.6225681390400946
4.4716652063902497e-10,227.72858170492327,228.89256339181944,1.6418339102262114,1.6225907476021508
4.5727552723001686e-10,227.6519061391872,228.81548236527317,1.6418305393599406,1.622589489094888
4.676130661675509e-10,227.57355056243236,228.7367124532288,1.6418271412767764,1.6225742114185573
4.781843038379526e-10,227.49347937806692,228.65621787148967,1.6418378687511868,1.6225868860585462
4.889945234230386e-10,227.41165628983126,228.57396213251772,1.641810290104727,1.6225694773752743
5.000491275404896e-10,227.328044290514,228.48990803409103,1.6418188608134567,1.6225660284154444
5.113536409439142e-10,227.2426056506212,228.4040176479271,1.6418174361401117,1.6225786126088646
5.229137132839511e-10,227.15530190695915,228.3162523081994,1.6418018218911312,1.622547116757008
5.347351219317929e-10,227.06609385119276,228.22657260003265,1.6417840781222617,1.6225456456070784
5.468237748665394e-10,226.97494151834724,228.1349622526891,1.6417825552394973,1.622556059656332
5.591857136278277e-10,226.88180417527084,228.0415885850157,1.6417768028379205,1.622538454730783
5.718271163351994e-10,226.78664030904943,227.9461821567118,1.6417691807278938,1.6225368805056741
5.847543007757512e-10,226.68940761545542,227.84848414966385,1.6417644057911567,1.6225122105259133
5.97973727561561e-10,226.59006298730333,227.748664073069,1.6417556623176548,1.6225154882046555
6.114920033585086e-10,226.48856250286872,227.64667779315715,1.6417458315870066,1.6225127682357818
6.253158841880846e-10,226.38486141428726,227.54248034597896,1.6417561484558456,1.6225159684637926
6.394522788038438e-10,226.2789141359608,227.43602592575178,1.6417250064489266,1.6224851913129028
6.539082521441894e-10,226.17067423299724,227.32726787322355,1.6417271164548906,1.6224883128067609
6.686910288632136e-10,226.06009440970809,227.21615866412847,1.6417323341822319,1.622492432978586
6.838079969413587e-10,225.9474260412624,227.10264989764312,1.641722302418035,1.622482519533437
6.992667113777048e-10,225.83245812952197,226.98669228491966,1.6417051484338434,1.6224645314391142
7.150748979657271e-10,225.71473795113988,226.86823563770653,1.6416960776782337,1.6224615264105082
7.31240457154412e-10,225.59438546794544,226.74722885705683,1.641697974034462,1.6224574416259419
7.477714679966596e-10,225.47144485761098,226.62361992213752,1.6416785887112106,1.622445278794538
7.646761921869487e-10,225.34586344988213,226.49735587915944,1.6416824889613078,1.6224431745514645
7.819630781902817e-10,225.2175876356049,226.3683828304642,1.6416569797219698,1.6224249594421731
7.996407654644573e-10,225.08656285598713,226.23669752144136,1.641661830515437,1.6224217221442616
8.177180887778265e-10,224.95273359207127,226.10243437358187,1.6416564067754245,1.622418434284799
8.362040826246273e-10,224.8160433543689,225.96529451769374,1.641643854714728,1.622400070454066
8.551079857401526e-10,224.67643467272708,225.82502555034003,1.6416262688637597,1.6223946079829572
8.744392457179879e-10,224.5338490864085,225.68176912298225,1.6416288140314292,1.622384169950088
8.942075237316297e-10,224.3882271344361,225.5354657202142,1.6416111195006224,1.6223785998656073
9.144226993628455e-10,224.2395083462193,225.38605482317075,1.6416054265523128,1.6223680513656416
9.35094875539187e-10,224.08763123245416,225.23347490086124,1.6415876189985708,1.6223494162969854
9.56234383583125e-10,223.93253327636896,225.07766340182872,1.6415899356212942,1.6223447112553457
9.778517883753281e-10,223.77415092531606,224.9185567461901,1.6415628343793487,1.6223259583176213
9.999578936346689e-10,223.61276513200053,224.75609031805539,1.6415639812293636,1.6223211338796693
1.0225637473175912e-09,223.44816194672734,224.5901984583889,1.6415448811543767,1.6223141744467988
1.0456806471395425e-09,223.27979454531214,224.42081445827662,1.6415288626714775,1.6222973077046958
1.069320146221227e-09,223.1077527136877,224.24787055273057,1.6415347962467313,1.62229021965363
1.0934940588625024e-09,222.93209553188652,224.07129791495748,1.6415154993266035,1.622285137199789
1.1182144664468058e-09,222.75275311915252,223.8910266511846,1.6415102879242545,1.6222719567672435
1.1434937234790612e-09,222.5696545122044,223.7069857960695,1.6414867896261647,1.6222497700898875
1.169344463760083e-09,222.3827276606205,223.51910330870055,1.6414763247834305,1.6222380033012807
1.195779606700565e-09,222.19189942283901,223.32746712303728,1.641467883009096,1.6222286244709558
1.2228123637778058e-09,221.99709556280092,223.1319014587358,1.641454255357218,1.6222176173729015
1.250456245138403e-09,221.79824074730328,222.9321488730522,1.6414339982915525,1.6221970797432015
1.2787250663502115e-09,221.59525854407843,222.72824326787492,1.641420215246873,1.6221879910895876
1.307632955306943e-09,221.3882747320531,222.52012679815425,1.6414129035452851,1.6221767504874423
1.3371943592888602e-09,221.17736046164583,222.30772129686767,1.6413979091920514,1.6221610256896262
1.367424052183066e-09,220.9619717473131,222.09094752973348,1.6413824375292112,1.6221501386786241
1.3983371418670728e-09,220.74187547110415,221.86972519807242,1.6413653077238874,1.6221326916833225
1.429949077759237e-09,220.51725650828655,221.6439729426516,1.6413505797210957,1.6221151578900432
1.4622756585399124e-09,220.28803188325514,221.41360834856255,1.6413357618121125,1.6221034921673227
1.495333040047147e-09,220.05411753174343,221.17854795118964,1.6413178384066682,1.6220828004971342
1.5291377433508795e-09,219.81542830624207,220.93870724330387,1.6413023104495665,1.622065512267358
1.5637066630096636e-09,219.5718779825618,220.69404429591523,1.641281183310826,1.6220495534460397
1.5990570755140542e-09,219.32337926757612,220.44450546587822,1.6412654608614703,1.622034533329425
1.6352066479208689e-09,219.0703892757301,220.18991360814513,1.6412501619462803,1.6220159178103806
1.6721734466826437e-09,218.81258905789483,219.93014967123062,1.6412312227065835,1.6219942227616546
1.7099759466766946e-09,218.5491920990731,219.66517409628378,1.6412116543121038,1.6219813580346465
1.748633040438297e-09,218.28035692925044,219.39489667971637,1.6411955159464706,1.6219594529203731
1.7881640476025984e-09,218.00613618262258,219.11922627515492,1.641179791561293,1.621943913033949
1.8285887245599885e-09,217.72643698800593,218.83807081196105,1.641156880418241,1.621924248361603
1.869927274329712e-09,217.4411655189896,218.55133731536563,1.6411358193536947,1.621903952356006
1.9122003566567635e-09,217.15022701375395,218.25893192828792,1.6411126759563224,1.6218805623647372
1.9554290983369677e-09,216.85352579657933,217.96076654712866,1.6410894124741195,1.6218570537832826
1.999635103775517e-09,216.5509653011107,217.65674451196514,1.6410720521655193,1.6218398971702614
2.0448404657841888e-09,216.24244809544646,217.34676081437797,1.6410464442090522,1.6218180849185657
2.0910677766226633e-09,215.92787590907707,217.0307199686941,1.6410252928584537,1.6217942040088167
2.1383401392894416e-09,215.6071496617893,216.70852646665162,1.64100099732039,1.6217701934080544
2.1866811790680198e-09,215.28016949455093,216.38008176221211,1.6409760435820204,1.6217455322503471
2.236115055334085e-09,214.9468348024597,216.04528663371815,1.6409539651756926,1.6217266899778813
2.286666473629634e-09,214.60704426981349,215.70404122140206,1.640930240001131,1.6217000067692848
2.3383606980100466e-09,214.2612149903236,215.35619027308348,1.6409023107381895,1.621674152581669
2.3912235636702914e-09,213.90908734319723,215.00164857688694,1.6408762647857544,1.6216481532999687
2.445281489856567e-09,213.54984693399763,214.64038827616562,1.6408513129950704,1.6216220057069588
2.5005614930698336e-09,213.1835718816329,214.27228985072418,1.6408264696617878,1.6215992010227938
2.557091200567836e-09,212.81035629595877,213.8972323498825,1.6407976711666057,1.6215689929196724
2.6148988641723636e-09,212.43009695375247,213.51511295517778,1.640768450297757,1.6215418619647977
2.674013374388647e-09,212.04269028595468,213.1258285366878,1.6407405713557706,1.621512821585136
2.7344642748439534e-09,211.6480324332823,212.72927570989097,1.6407125244631078,1.6214853624977605
2.7962817770525858e-09,211.24601930450305,212.32535089522148,1.6406795263312162,1.6214522335229895
2.859496775514678e-09,210.8365466373973,211.91395038031914,1.640649364595824,1.621423913584704
2.9241408631563218e-09,210.41951006249772,211.49497038506487,1.6406182375375407,1.6213916633584746
2.9902463471187456e-09,209.99480516959466,211.06830712941257,1.6405869270435414,1.6213609788191783
3.0578462649044395e-09,209.562642523676,210.63385690407844,1.6405491441391384,1.6213260973548604
3.1269744008883007e-09,209.12273246284818,210.19151614411,1.6405192216583602,1.62129354977579
3.197665303201984e-09,208.67462950803724,209.74118150539078,1.6404835384954355,1.6212582850234645
3.269954301000076e-09,208.21843509502372,209.28274994408136,1.6404491604123348,1.6212243100179362
3.343877522116481e-09,207.75407478491462,208.81608650627717,1.6404143152599995,1.6211874154634394
3.419471911120019e-09,207.2814465390302,208.34103837328382,1.6403739583878514,1.6211490196597047
3.4967752477781955e-09,206.8004488603649,207.857595019162,1.6403354164916937,1.6211124176336837
3.5758261659383738e-09,206.31098088439882,207.3657054846576,1.6402963935843287,1.6210748223606553
3.6566641728357925e-09,205.8129424729165,206.86520724186153,1.6402601569868085,1.6210375230406386
3.739329668838078e-09,205.30627961073967,206.3560007044259,1.6402183898197362,1.620996504402521
3.82386396763611e-09,204.79090296344867,205.83798722108517,1.6401791367909788,1.6209582292059084
3.910309316891347e-09,204.2666456589315,205.31106917919627,1.6401366338323369,1.6209144784046028
3.9987089193499166e-09,203.7334062475565,204.77515011129003,1.6400903522376558,1.6208699680834793
4.089106954434028e-09,203.1911175271144,204.2301348046219,1.6400465683780892,1.6208269563455195
4.181548600321497e-09,202.63968619596727,203.6759294136771,1.640002266481494,1.620781686682162
4.276080056524423e-09,202.07902043006513,203.11244157558883,1.6399544312063818,1.620735640721815
4.372748566978312e-09,201.50903000066907,202.53956222026497,1.639907309389335,1.6206895888790955
4.471602443653077e-09,200.9296168922916,201.95717575800435,1.639861680142491,1.6206444947190757
4.572691090698e-09,200.34069825927938,201.36524153213708,1.6398131211424614,1.6205952442545872
4.676065029132338e-09,199.74219965279337,200.76369982771027,1.6397609719771837,1.6205439652649394
4.7817759220942125e-09,199.13403375804467,200.1524369502176,1.639707025804745,1.6204905222849213
4.889876600660259e-09,198.51611894885127,199.53137186824088,1.6396566722974255,1.6204416318812007
5.000421090248994e-09,197.8883771331849,198.9004259136932,1.6396015975487856,1.6203876875253154
5.113464637621066e-09,197.25071682320944,198.25952291809014,1.6395473216049843,1.6203333046291166
5.229063738489898e-09,196.60303080529042,197.6085893509859,1.6394924640088375,1.620278346877551
5.3472761657565244e-09,195.94529532822915,196.94755446044323,1.6394338785979408,1.6202205775797254
5.468160998382719e-09,195.2774771883035,196.27633018162155,1.6393745662202441,1.6201625745443724
5.5917786509168605e-09,194.59947983938747,195.5948625150581,1.639313505880458,1.6201022301649175
5.718190903687273e-09,193.91124218013874,194.903111464863,1.6392520959479797,1.6200422832964083
5.847460933678154e-09,193.21270645329977,194.20100665222608,1.6391881707474003,1.6199799798207632
5.979653346103498e-09,192.50381839307994,193.4884915438419,1.6391251220426553,1.6199160550467353
6.1148342066948125e-09,191.78452737349397,192.76551502476661,1.6390598035695343,1.6198506302271383
6.253071074718751e-09,191.0547865574491,192.0320297830249,1.63899282805172,1.6197845692907191
6.394433036741173e-09,190.3145530463359,191.28799087225443,1.6389216706045873,1.619714246179057
6.538990741154502e-09,189.56378802989713,190.5333463919043,1.638851617138755,1.6196460156151622
6.686816433485631e-09,188.80237547110804,189.76807232444182,1.6387807631074722,1.6195757339016912
6.837983992502033e-09,188.03033647226056,188.99215066859506,1.638706321697844,1.6195024236263584
6.992568967134116e-09,187.24773083286303,188.20554532448318,1.6386313226022438,1.619427432035936
7.150648614232265e-09,186.45448178643696,187.40823493243911,1.6385544818753177,1.6193514923223065
7.312301937177463e-09,185.6505683575246,186.60020298503872,1.6384753001319448,1.6192738522572099
7.477609725364798e-09,184.8359792024672,185.78143797383464,1.6383952700315974,1.6191955028939657
7.646654594579412e-09,184.01070809720758,184.9519335343817,1.6383123560077075,1.6191122054720724
7.819521028285531e-09,183.1747540794771,184.11168858920377,1.6382294548500036,1.619030147169989
7.9962954198486e-09,182.3281215886249,183.26069938907756,1.6381432900421884,1.6189457350512324
8.17706611571208e-09,181.47077592521808,182.39896823405132,1.638055973695521,1.6188595717066716
8.361923459550303e-09,180.6027551792663,181.52652742395583,1.6379659926147794,1.6187699033615328
8.550959837419479e-09,179.72412883655485,180.64340534916164,1.6378735966475664,1.6186792035135202
8.744269723929434e-09,178.8348988604972,179.74961992104488,1.6377791333196863,1.6185867187620453
8.94194972945912e-09,177.93509394644653,178.84520457675512,1.6376827215780883,1.6184914372597643
9.144098648439553e-09,177.0247535603409,177.93019895454498,1.637584855335219,1.618394589146896
9.350817508728238e-09,176.10392345137063,177.00464900780355,1.6374855220839448,1.618294936938861
9.56220962209981e-09,175.1726431006933,176.0685910548482,1.6373828163262294,1.618194000052688
9.778380635878111e-09,174.23095240672768,175.12207103834467,1.6372772968158624,1.6180905243271064
9.999438585735487e-09,173.27894435942733,174.16518466469748,1.6371709081981016,1.6179852543478843
1.0225493949685752e-08,172.3167077443678,173.19801569415446,1.637061417766333,1.6178770478467777
1.0456659703297628e-08,171.34430370082688,172.22062735432092,1.6369490733599876,1.6177655856683706
1.0693051376156623e-08,170.36181761064677,171.23310558234044,1.6368353612022475,1.6176527718859823
1.0934787109603097e-08,169.36934176435688,170.23554326949008,1.636718261199921,1.617537915387334
1.1181987715775722e-08,168.36696191377405,169.2280403230366,1.6365978902285383,1.6174185848779012
1.1434776737989703e-08,167.35479031802643,168.21070371988233,1.6364760424859777,1.6172982296868863
1.1693280512479951e-08,166.33295381033997,167.1836475516658,1.6363516424961981,1.6171748529783716
1.1957628231540072e-08,165.30156562657316,166.14699306097614,1.6362237948963056,1.6170484394988274
1.2227952008088766e-08,164.26075251080556,165.10086866839072,1.6360931682892759,1.6169194084961664
1.2504386941695721e-08,163.2106422152388,164.04535854206304,1.6359598769793011,1.6167879217382468
1.2787071186100406e-08,162.15135967625227,162.98061809612668,1.6358233340687747,1.6166534799077361
1.3076146018256995e-08,161.08307012000995,161.90686000296728,1.6356844674906108,1.6165158715710575
1.3371755908940293e-08,160.0059444559012,160.8242242116403,1.635542005565984,1.6163749511117307
1.3674048594947822e-08,158.9201340559826,159.732859888298,1.6353960444762503,1.6162308304209294
1.3983175152934166e-08,157.82580429077285,158.63293784310608,1.6352469577838036,1.6160834917321327
1.4299290074914462e-08,156.72312013158657,157.52463593676674,1.6350944664776428,1.6159327879772662
1.4622551345474796e-08,155.6122764096804,156.40813902365417,1.6349397396061522,1.6157795692982557
1.495312052072811e-08,154.49347470784838,155.28363888378766,1.634780511858171,1.6156224491024538
1.529116280905488e-08,153.3669051184337,154.15131199386497,1.634618065398711,1.6154619718075647
1.5636847153669423e-08,152.232760308544,153.0113470407593,1.6344518930148437,1.6152979891571064
1.599034631705241e-08,151.09125225872504,151.86399378189265,1.6342818921610827,1.6151301748373619
1.6351836967292336e-08,149.9426109430864,150.7094833721632,1.634109310822789,1.614958813221999
1.6721499766378812e-08,148.78705791375603,149.54802054353084,1.6339318667868687,1.6147837548650879
1.7099519460491933e-08,147.62480744538897,148.37983572712196,1.6337498478326977,1.6146043681245221
1.7486084972332763e-08,146.45609324083625,147.20516544192782,1.6335649877266623,1.6144215463469715
1.7881389495541136e-08,145.28117282052298,146.02425213508835,1.6333762550465973,1.6142350262842857
1.828563059124794e-08,144.10029438182912,144.83733289736102,1.633182570827307,1.6140436131699698
1.8699010286810178e-08,142.91369493766246,143.6446636116208,1.632984870402051,1.613848078303402
1.912173517677792e-08,141.72163720860706,142.4465152314098,1.6327833572163144,1.6136489596194517
1.9554016526144173e-08,140.52439713086602,141.24314824358743,1.6325764061058283,1.6134444349019108
1.9996070375928526e-08,139.32222815050065,140.03482950055405,1.6323660546180976,1.613236333141428
2.04481176511479e-08,138.11539320320628,138.8218327058745,1.6321504018644422,1.613023208968467
2.0910384271228116e-08,136.90418348458195,137.6044366206522,1.6319302333299617,1.6128055899984646
2.138310126291153e-08,135.68888666727642,136.3829256161443,1.6317052382095,1.6125830810858943
2.186650487571714e-08,134.46977593806696,135.1575847474163,1.631474732886117,1.6123556469866196
2.2360836700010896e-08,133.24714659563168,133.92870269482734,1.631240157288155,1.6121237895346783
2.2866343787745175e-08,132.02129526090005,132.69657445434473,1.631000168765373,1.6118864630124574
2.3383278775927854e-08,130.7925037840177,131.46149703323505,1.6307552418282332,1.6116443758122854
2.3911900012882386e-08,129.56107887465743,130.2237742028212,1.6305043090351823,1.6113964173589435
2.4452471687362688e-08,128.32732608578286,128.98371087560238,1.6302477781512952,1.6111429264637454
2.5005263960586418e-08,127.09153691568186,127.74160644804338,1.629986242465063,1.6108842411802697
2.5570553101253357e-08,125.85402712184019,126.49776633654528,1.629718641980225,1.6106201465316445
2.6148621623616076e-08,124.61510123170318,125.25250180512842,1.629445722193704,1.6103502109432453
2.6739758428671912e-08,123.37506574229994,124.00612316723947,1.6291665114532976,1.6100743062054952
2.734425894854689e-08,122.13423815387567,122.75894189539665,1.6288815345061183,1.6097928548615725
2.796242529414366e-08,120.89291859948123,121.5112712668662,1.6285902972510167,1.6095048811210424
2.859456640612738e-08,119.65142521357845,120.26343184278537,1.6282926915332683,1.6092106135979547
2.924099820932457e-08,118.41007015289955,119.015731849761,1.6279889982128775,1.6089106007846576
2.9902043770613055e-08,117.16916497176985,117.76847757680225,1.627678526769486,1.6086038018925777
3.057803346038071e-08,115.92902012824449,116.52198665291732,1.6273611433479567,1.608290140308584
3.126930511763452e-08,114.68994076196783,115.27657116824713,1.6270365607742916,1.6079695475883897
3.1976204218842225e-08,113.45224491887944,114.03254220077875,1.6267057667070557,1.6076424814151729
3.26990840505909e-08,112.21624178793846,112.79021317782268,1.6263676652563366,1.6073084637474615
3.343830588614881e-08,110.9822349956919,111.54989211728042,1.6260222405379705,1.6069670020682203
3.419423916601874e-08,109.75052461359626,110.31188145124622,1.6256694289510782,1.606618414908644
3.4967261682573095e-08,108.52141532375215,109.07648604963543,1.6253091162977131,1.6062619934266182
3.575775976886309e-08,107.29520986953628,107.84400833156717,1.624941173058979,1.6058987632633204
3.6566128491695855e-08,106.07220409814714,106.61474750049314,1.6245653674553753,1.6055272732646684
3.7392771849077274e-08,104.85269517999758,105.3890011524163,1.6241813744343248,1.6051478587724357
3.82381029721175e-08,103.6369718956232,104.16706065371102,1.623789504465415,1.6047606000295616
3.9102544331501395e-08,102.42532272735909,102.94921333096345,1.6233892620958446,1.604365067022463
3.998652794862643e-08,101.21802682254133,101.73574515838808,1.6229804451431409,1.6039608133202847
4.0890495611513815e-08,100.0153670522201,100.52693724406386,1.6225629267508337,1.6035484053510727
4.181489909560069e-08,98.81762676498731,99.32306709792694,1.6221364427982479,1.6031269386748455
4.276020038952363e-08,97.62506244822036,98.12440599440966,1.6217015000969432,1.6026967907789915
4.372687192600651e-08,96.43794867761396,96.9312201520456,1.6212568408033337,1.602257742667881
4.471539681796802e-08,95.25654926815884,95.74377208820049,1.6208031699446181,1.6018091349878456
4.572626909996642e-08,94.08111021242645,94.56231958458655,1.62033967961183,1.6013510802610642
4.675999397510344e-08,92.91188792927203,93.38711405050779,1.6198669797243779,1.6008839241333765
4.7817088067509e-08,91.74912508614885,92.21840017903011,1.619384088238825,1.6004066959706855
4.8898079680534296e-08,90.59305844657669,91.05641794542319,1.6188910612985807,1.5999194511044117
5.000350906078166e-08,89.4439222944669,89.90140313547242,1.618387656789637,1.5994220253112383
5.1133928668103335e-08,88.30194196229853,88.75358394752084,1.6178739836632015,1.5989143762730096
5.2289903451704015e-08,87.1673389782172,87.61318017069576,1.6173495388177945,1.5983961454121989
5.3472011132485235e-08,86.04033023875124,86.4804068049359,1.6168144823975403,1.597867331831956
5.468084249177274e-08,84.92112263100742,85.35547262756015,1.6162680894831545,1.597327239892235
5.5917001666570494e-08,83.80991377055322,84.2385793293605,1.6157104698269336,1.596776266350874
5.71811064514906e-08,82.70689875075401,83.12992336943236,1.6151414363912573,1.5962139225310872
5.8473788607507716e-08,81.61226888838073,82.02969830012506,1.6145606989815342,1.5956401764464325
5.979569417769404e-08,80.52620489843359,80.93808196367391,1.613968224832562,1.595054559502831
6.114748381009187e-08,79.44887830858048,79.85524445912064,1.6133634422930438,1.5944567632892162
6.252983308788537e-08,78.38045627424293,78.78135612681508,1.612746269165433,1.5938469503555956
6.39434328670364e-08,77.32109925522481,77.71657717445405,1.6121167936649443,1.5932247087225895
6.538898962155319e-08,76.27096039224124,76.66106525656728,1.6114745068428316,1.5925901193075727
6.686722579656459e-08,75.23018604397102,75.61496948148556,1.61081877176929,1.5919421960729443
6.837888016937606e-08,74.19891422928565,74.57842402344407,1.6101504085653289,1.591281549433204
6.992470821868764e-08,73.17727651489875,73.55155971505805,1.6094684889896704,1.5906075692200514
7.150548250215981e-08,72.16539963404885,72.53450380077837,1.6087727758797208,1.5899199417634624
7.312199304251377e-08,71.16340013031008,71.52737624946249,1.608063039578863,1.5892186802391723
7.477504772236075e-08,70.171387206681,70.53028987458238,1.6073392289730108,1.588503305721824
7.646547268795715e-08,69.18946766610058,69.54334707307326,1.6066011100232103,1.587773880549628
7.819411276208708e-08,68.2177376094612,68.56664452695021,1.6058483123323735,1.587029838131074
7.996183186627916e-08,67.25628552914063,67.60027381208857,1.6050806944822191,1.5862713284418393
8.176951345256796e-08,66.30519701359346,66.6443190722629,1.6042978610946255,1.585497713226003
8.361806094501651e-08,65.36454802885636,65.69885743319307,1.603499778865829,1.5847089332502404
8.55083981912201e-08,64.43440796894116,64.76395925304875,1.602685865826503,1.5839046788289481
8.744146992401647e-08,63.514841420661924,63.83968865123897,1.60185641656866,1.583084852501087
8.941824223363547e-08,62.60590463211142,62.926101360722676,1.6010105700959067,1.5822489343081638
9.14397030505208e-08,61.70764888066696,62.02324883006511,1.6001485135728666,1.5813970120668879
9.350686263906757e-08,60.820118635765326,61.13117747547524,1.599269873842941,1.580528737580588
9.562075410252168e-08,59.943351699185214,60.249925469578656,1.5983743203535319,1.5796436429051683
9.778243389929323e-08,59.077381183879226,59.379525569185056,1.5974616518495772,1.5787417018602057
9.99929823709422e-08,58.22223303539498,58.52000472707176,1.5965316300154861,1.5778226028944042
1.0225350428210018e-07,57.37792830278886,57.67137956355018,1.5955840241550976,1.5768862152186556
1.0456512937259817e-07,56.5444818800104,56.83366696934265,1.5946184269505492,1.5759319145525286
1.0692901292207531e-07,55.721903408562646,56.0068805610928,1.5936348553000625,1.5749598783618541
1.0934633632735348e-07,54.91019707431221,55.19102268790256,1.5926327916081435,1.573969530529168
1.1181830769286265e-07,54.10936182653794,54.38609266718977,1.5916120633370656,1.572960796533195
1.1434616243441473e-07,53.31939158223429,53.59208160204628,1.5905724532270011,1.5719334101920635
1.1693116389662673e-07,52.540275225503,52.808978005404704,1.5895137757207958,1.5708872009422337
1.1957460398430173e-07,51.77199699001503,52.03676899861746,1.5884356174148229,1.5698217184669736
1.2227780380808357e-07,51.01453675046549,51.275433898601726,1.5873379267119536,1.568736821405518
1.2504211434470753e-07,50.267869328926686,50.524946986034514,1.5862201742527469,1.567632288680219
1.278689171121773e-07,49.531963954328894,49.78527710831202,1.5850823590379588,1.5665077455237246
1.3075962486020566e-07,48.80678908970311,49.05639102423999,1.583924200718721,1.5653631498846658
1.3371568227626278e-07,48.09230607800794,48.338252308541975,1.5827453265603142,1.5641982119664015
1.367385667075883e-07,47.388471440084736,47.630818523455126,1.5815456360410238,1.5630125547672482
1.398297888995235e-07,46.69524241961793,46.93404342227654,1.580324832924787,1.5618061353421089
1.4299089375053575e-07,46.012569107891046,46.24787768350456,1.5790827190714003,1.5605785680937745
1.4622346108431176e-07,45.34039837243374,45.572269273713815,1.5778189516352867,1.559329673636342
1.4952910643930514e-07,44.67867582347875,44.90716214129517,1.5765334197763756,1.5580592405263707
1.529094818761333e-07,44.0273420748435,44.25249657059938,1.5752258812766828,1.556767033307427
1.563662768032267e-07,43.386335148453995,43.60821033221595,1.573896239690088,1.5554529898963694
1.599012188211438e-07,42.75559059339732,42.97423865130952,1.572544042146065,1.5541166804164717
1.6351607458597331e-07,42.135040080722995,42.3505134450604,1.5711692140620652,1.552758023095626
1.6721265069225362e-07,41.52461343087058,41.736963846175875,1.569771563803228,1.551376764184137
1.7099279457585566e-07,40.92423896327918,41.13351703329425,1.5683509603115764,1.5499728037769946
1.7485839543727355e-07,40.333841199931186,40.540097977717174,1.5669070747191691,1.5485458380302002
1.7881138518578963e-07,39.75334186578037,39.956628499391385,1.5654398132112182,1.5470958418415819
1.828537394049838e-07,39.18266263027208,39.38302903240052,1.5639490810220265,1.5456225958567975
1.8698747834006985e-07,38.62172340855558,38.81921846328668,1.5624345493724052,1.544125850914618
1.912146679075523e-07,38.070439068419276,38.265112734662914,1.5608962340671295,1.5426055947802941
1.955374207277085e-07,37.528725317403904,37.72062671057368,1.5593339007101912,1.5410615616198806
1.9995789718041195e-07,36.99649742076628,37.1856740744393,1.5577474465997876,1.5394937867687748
2.044783064848228e-07,36.47366588040095,36.660166123913996,1.5561367736760379,1.5379020246683177
2.0910090780349034e-07,35.96014166444368,36.1440133165499,1.554501827116921,1.5362862158473243
2.1382801137141205e-07,35.45583529314471,35.637125093957195,1.5528423795688935,1.5346462429885652
2.186619796506188e-07,34.960654462251206,35.13940915217074,1.5511584310112871,1.5329820807823429
2.2360522851086124e-07,34.47450669667495,34.65077260270745,1.5494499404036035,1.5312936181986243
2.286602284369878e-07,33.997298799304765,34.171121527813426,1.5477168132720742,1.529580836168329
2.3382950576361757e-07,33.528936227604746,33.700361024276546,1.5459590426418963,1.5278436783833735
2.391156439377251e-07,33.069324136734025,33.238395730344216,1.5441765592120253,1.5260821518669214
2.4452128480976844e-07,32.618366713949314,32.7851293127306,1.542369447828448,1.5242962027979714
2.500491299540059e-07,32.175967743598996,32.340465110527,1.5405375982832166,1.5224858617409698
2.557019420186581e-07,31.742030710584245,31.904305854893213,1.5386812064780473,1.5206512544889121
2.614825461065985e-07,31.316458213451945,31.47655391058794,1.5368001439177343,1.518792235470712
2.6739383118725144e-07,30.89915295794688,31.057111345872997,1.5348945555992297,1.5169090318710363
2.7343875154041127e-07,30.490017150032966,30.645879896936684,1.5329645601855797,1.5150016733994764
2.7962032823270127e-07,30.0889528877175,30.2427612159288,1.5310102640944176,1.5130702949276331
2.8594165062741057e-07,29.695862178777176,29.84765674654078,1.5290317616830134,1.5111149972294518
2.924058779284634e-07,29.31064692362175,29.460467934111406,1.5270292419930283,1.5091359633124635
2.99016240759293e-07,28.933209082569,29.081096223369286,1.525002848134364,1.5071333383247136
3.057760427774084e-07,28.56345065370488,28.70944308797014,1.5229527980815925,1.5051073320546362
3.126886623254622e-07,28.20127376265137,28.34541016350753,1.5208793383273533,1.5030581735996358
3.1975755411964067e-07,27.846580687385206,27.98889922456341,1.5187826608225632,1.50098608908605
3.269862509762291e-07,27.49927392639604,27.63981223781867,1.516663134425187,1.4988913992436532
3.34378365577203e-07,27.15925619192917,27.298051460930825,1.5145209573173475,1.496774364640227
3.419375922757369e-07,26.82643053083191,26.96351937852702,1.5123565643380323,1.4946353304933455
3.496677089425294e-07,26.500700240966157,26.6361188971731,1.5101702644200201,1.4924746635049249
3.5757257885386726e-07,26.181969072864867,26.31575314560164,1.507962458553709,1.4902927414317766
3.6565615262237326e-07,25.87014102966734,26.002325731553196,1.5057336052278167,1.4880900062012785
3.739224701714016e-07,25.56512066614863,25.695740673158053,1.5034840900311843,1.485866856711311
3.82375662754069e-07,25.26681288446517,25.395902339052814,1.5012144548545898,1.483623798662827
3.9101995501792604e-07,24.975123031103074,25.10271566450778,1.4989252093661842,1.4813613886559522
3.9985966711631117e-07,24.689956963399904,24.816086001371996,1.4966168847537655,1.4790801356489907
4.088992168674288e-07,24.411220786822756,24.535919006562512,1.494290085511091,1.4767805849439857
4.181431219622404e-07,24.138821565555244,24.262121185859037,1.4919454461269834,1.4744633947245942
4.275960022222688e-07,23.87266628972193,23.99459916167201,1.4895835977643728,1.4721292214546666
4.3726258190844366e-07,23.612663137009985,23.733260541173017,1.4872052355665446,1.4697787247208058
4.4714769208214305e-07,23.35872035713221,23.478013068758123,1.4848111227943765,1.4674126515999468
4.5725627301961033e-07,23.11074672711829,23.22876510925204,1.4824020008517635,1.4650317405954676
4.675933766809532e-07,22.868651641060318,22.985425530620056,1.4799787006074558,1.462636804939135
4.781641692349606e-07,22.6323446381401,22.747903404338107,1.477542022794992,1.460228657022653
4.889739336409913e-07,22.401735985911568,22.516108613443375,1.4750928541862343,1.4578081617478047
5.000280722892429e-07,22.176736205541452,22.28995114387416,1.4726321746211957,1.4553762725210089
5.113321097006961e-07,21.957256492409464,22.069341847549946,1.4701608632712446,1.452933885998243
5.228916952881039e-07,21.743208307926473,21.85419161128463,1.4676799700491574,1.4504820231114153
5.347126061793945e-07,21.534503721693394,21.644412115399977,1.4651904881526978,1.4480216635104097
5.468007501049043e-07,21.331054960271015,21.439915255710822,1.4626935343293483,1.4455539217654072
5.591621683498805e-07,21.132774891471495,21.240613106541492,1.460190188128141,1.4430798760229153
5.718030387737316e-07,20.939576277073243,21.046418346637573,1.4576816117969087,1.4406006213118192
5.847296788975325e-07,20.751372510255383,20.85724369907873,1.4551689806093664,1.4381173751071321
5.979485490613298e-07,20.568077172812334,20.67300218924417,1.4526535113585595,1.435631323667821
6.114662556528181e-07,20.389603756951523,20.493607216971146,1.450136490797778,1.4331437243410137
6.252895544090176e-07,20.21586638407615,20.31897224276089,1.4476191710718629,1.430655827608884
6.394253537925806e-07,20.0467791649271,20.149010829404812,1.4451028981685172,1.4281689424201833
6.538807184444316e-07,19.88225611464545,19.98363678306755,1.4425890100963688,1.425684429724472
6.686628727144586e-07,19.72221160723359,19.822763936791933,1.4400788933538775,1.4232036313768366
6.837792042720231e-07,19.566559953107234,19.666306063010012,1.4375739669136884,1.42072795345379
6.992372677980916e-07,19.415215312309744,19.51417696563356,1.4350756515860517,1.4182588138172254
7.150447887608343e-07,19.268091863171026,19.366290388566608,1.4325854258007926,1.4157976532551482
7.312096672765796e-07,19.1251037429519,19.222559997452308,1.4301047529354594,1.4133459276096723
7.477399820580454e-07,18.98616491669615,19.082899297547623,1.4276351418444333,1.41090511843323
7.64643994451842e-07,18.851189089461748,18.947221563321794,1.4251780991993972,1.4084767353900947
7.819301525672343e-07,18.720089771308093,18.815439855904955,1.4227351492582432,1.406062271641478
7.996070954982513e-07,18.592780204288648,18.687466962987138,1.4203078272749547,1.4036632391660826
8.176836576412408e-07,18.469173308198528,18.56321535333157,1.4178976540899888,1.401281157112373
8.361688731100312e-07,18.349181646100632,18.442597137913765,1.4155061915394462,1.3989175458308605
8.550719802509057e-07,18.23271740146026,18.325524032827992,1.4131349527447934,1.3965739159599382
8.744024262596459e-07,18.119692320630357,18.21190732486555,1.410785466869648,1.3942517799403191
8.941698719029517e-07,18.01001768096493,18.101657799665773,1.4084592509168299,1.3919526112329286
9.143841963465989e-07,17.903604137938988,17.994685741509883,1.4061577806741192,1.3896779036405853
9.350555020927382e-07,17.800361989072698,17.890900808176287,1.4038825235318313,1.3874290868934844
9.561941200288276e-07,17.70020100605121,17.79021264165649,1.4016349370402825,1.3852076027993603
9.77810614590687e-07,17.60303052171073,17.692530261725864,1.3994164008665897,1.3830148239402817
9.999157890422836e-07,17.508759672582883,17.597761557914733,1.3972282899863684,1.3808520971690152
1.0225206908748722e-06,17.417296329182182,17.505814022461532,1.395071919902002,1.3787207345761092
1.0456366173281943e-06,17.328547568263676,17.416594654417167,1.3929485445248921,1.3766219630703367
1.0692751210364943e-06,17.242420407578855,17.330009879877622,1.3908594011594901,1.3745569982746864
1.0934480158021724e-06,17.15882123062004,17.245965605177926,1.388805593911608,1.372526948907108
1.1181673824999629e-06,17.077655875707194,17.164367298236026,1.3867882132671032,1.3705329000330393
1.1434455751145887e-06,16.998829798417027,17.085119853326123,1.3848082569464355,1.3685758134837587
1.1692952269148966e-06,16.922247909203012,17.00812764361278,1.3828666339888134,1.366656588585765
1.1957292567675921e-06,16.84781468485162,16.9332945915443,1.3809641809902948,1.364776062948374
1.2227608755936875e-06,16.775434169601134,16.860524267853837,1.3791016240485716,1.362934947333864
1.250403592970917e-06,16.705010037296837,16.78971994853767,1.377279601795094,1.3611338806331257
1.2786712238854123e-06,16.636445781913437,16.7207846272332,1.3754986436951162,1.3593733750737926
1.3075778956360103e-06,16.56964471792988,16.65362108493869,1.3737591788505985,1.3576538643171319
1.3371380548946464e-06,16.504510022835362,16.58813199374806,1.3720615177735571,1.3559756563839305
1.3673664749263592e-06,16.440944835849344,16.524220004955996,1.3704058638858625,1.3543389382309574
1.3982782629725212e-06,16.3788523703086,16.461787855521134,1.3687923007020506,1.3527437905101771
1.429888867800964e-06,16.31813602244569,16.40073846114601,1.3672207765788813,1.3511901753882771
1.462214087426819e-06,16.258699472270155,16.340975008255494,1.3656911284952689,1.3496779298327692
1.495270077007871e-06,16.200446789704166,16.282401082306652,1.364203075472141,1.348206768043763
1.5290733569184162e-06,16.143282555598084,16.224920698594545,1.3627561905072747,1.346776271611087
1.56364082100564e-06,16.087111832196385,16.168438530601755,1.3613499389738515,1.345385912647223
1.5989897450326472e-06,16.031840548248127,16.11286022432594,1.3599836531466032,1.3440350313975542
1.6351377953123595e-06,15.977375794157451,16.05809241661187,1.3586565420272934,1.3427228470084707
1.6721030375366006e-06,15.92362559964141,16.004042668017036,1.3573676997946589,1.341448451915716
1.7099039458047763e-06,15.870499365652513,15.950619591592273,1.356116096847312,1.340210844560595
1.7485594118566698e-06,15.817907494433358,15.897732877451082,1.3549005967162469,1.3390088856831326
1.7880887545139414e-06,15.765761253213096,15.845293728620229,1.3537199331372014,1.3378413357359948
1.828511729335108e-06,15.713973833054322,15.793215258613952,1.3525727488740713,1.336706845978795
1.8698485384887526e-06,15.662460455817671,15.741412262428678,1.3514575833188276,1.33560398342843
1.9121198408499555e-06,15.611138165217932,15.689801245191253,1.3503728930314056,1.3345312070111177
1.95534676232497e-06,15.559925859940973,15.638300592887168,1.349317033967339,1.3334869036954942
1.999550906409304e-06,15.508744361001987,15.586830775826654,1.3482882937730523,1.332469373786326
2.0447543649844885e-06,15.457516607548497,15.53531447966435,1.3472848787251863,1.3314768478443924
2.0909797293589243e-06,15.406167848439669,15.483676656722722,1.3463049455507992,1.330507504992311
2.13825010155833e-06,15.354625709878885,15.431844577066574,1.345346590027726,1.329559458979078
2.186589105871431e-06,15.302820211801754,15.379747919387654,1.344407866880103,1.3286307908265156
2.2360209006566427e-06,15.250683814237885,15.327318670028918,1.343486790303198,1.3277195264005357
2.2865701904157046e-06,15.198151488226516,15.274491538040225,1.3425813499825454,1.3268236898239765
2.33826223814022e-06,15.145160621977473,15.221204209673369,1.3416895147032069,1.3259412791670369
2.391122877937331e-06,15.091651338692385,15.167396800920796,1.3408092445764952,1.3250702866899968
2.4451785279408177e-06,15.037566937176033,15.113011833126796,1.3399385133491586,1.3242087007879422
2.5004562035140737e-06,14.982853095992402,15.057994370471853,1.3390753073526223,1.3233545102582005
2.55698353075156e-06,14.927457707649124,15.002292109333203,1.3382175907812441,1.3225057129476103
2.6147887602854847e-06,14.871331316331057,14.945855544063743,1.3373633835056329,1.321660347161412
2.67390078140461e-06,14.8144270705972,14.888637965815315,1.3365107112912649,1.3208164754236644
2.7343491364922174e-06,14.756700788708967,14.830595262860578,1.3356576398343913,1.3199721860037965
2.796164035790518e-06,14.698111008641858,14.771685733269452,1.3348022874317955,1.3191256252777723
2.859376372498791e-06,14.638618836889297,14.711870124403859,1.3339428129748714,1.3182749602884833
2.9240177382128637e-06,14.57818765607976,14.651111677447208,1.3330774237744618,1.3174184202597803
2.9901204387136297e-06,14.516783149433403,14.589376082136162,1.3322043718599248,1.3165542805285744
3.057717510112489e-06,14.454373328396958,14.526631359490311,1.3313219692407665,1.3156808750154638
3.1268427353617894e-06,14.390928517019843,14.462847756588197,1.3304285802599722,1.3147965877701115
3.197530661138514e-06,14.326421248633947,14.397997694530973,1.3295226291935192,1.313899858264706
3.269816615109655e-06,14.260826136034895,14.332055728011046,1.3286025881692398,1.3129891792258084
3.3437367235879118e-06,14.1941197946933,14.264998469048368,1.3276669928747873,1.3120631018823739
3.41932792958649e-06,14.126280809390387,14.196804506556017,1.3267144305859997,1.311120231036888
3.4966280112821316e-06,14.057289684408426,14.127454333745225,1.3257435369588115,1.3101592179433916
3.57567560089547e-06,13.987128761725783,14.056930281258877,1.3247530000897194,1.3091787654751321
3.6565102039982376e-06,13.915782142656298,13.985216463312614,1.3237415544652105,1.3081776248277464
3.7391722192569477e-06,13.84323563485162,13.912298711763913,1.3227079754067346,1.3071545870586696
3.823702958622912e-06,13.769476705871558,13.838164526650221,1.321651082029315,1.3061084809324541
3.910144667978692e-06,13.694494432449781,13.762803014395036,1.3205697289001572,1.3050381800420856
3.998540548251305e-06,13.618279446786712,13.68620485123017,1.3194627990068697,1.3039425732066332
4.088934777002726e-06,13.540823914722283,13.608362286194001,1.318329206668212,1.3028205947614233
4.18137253050849e-06,13.462121539300773,13.529269076080565,1.3171678920276078,1.3016711985980733
4.275900006335386e-06,13.382167500959262,13.44892040946644,1.3159778176363692,1.3004933523920654
4.37256444642964e-06,13.300958341726876,13.367312895806524,1.314757955234046,1.2992860415520724
4.47141416072696e-06,13.218491998854011,13.284444591478811,1.313507288681852,1.298048259881468
4.572498551296379e-06,13.134767885302413,13.200315008528415,1.3122248100296017,1.296779020062047
4.6758681370299e-06,13.049786854126008,13.11492508395833,1.3109095201092191,1.2954773306655727
4.781574578890295e-06,12.963551159143549,13.028277148015672,1.3095604241965222,1.2941422081557223
4.889670705729677e-06,12.876064437019243,12.940374926970367,1.3081765240279595,1.2927726644891115
5.000210540691749e-06,12.787331721214718,12.851223559869041,1.3067568106596608,1.2913677053462227
5.113249328210926e-06,12.697359460962717,12.760829616771918,1.305300274752328,1.2899263313463625
5.2288435616217855e-06,12.606155541073932,12.669201100975155,1.3038058954388723,1.2884475350605757
5.347051011392763e-06,12.51372926919385,12.57634744309561,1.3022726403724962,1.2869303011623843
5.467930753998032e-06,12.42009142026149,12.482279528537896,1.300699470755986,1.2853735983255379
5.591543201442134e-06,12.325254209770328,12.387009669783598,1.2990853251746701,1.2837763737229917
5.717950131452049e-06,12.229231262379976,12.290551625647815,1.2974291248006566,1.2821375614583395
5.847214718351821e-06,12.132037689724795,12.192920654781675,1.2957297746446879,1.2804560841406922
5.979401564635154e-06,12.03369008278275,12.094133492108666,1.2939861601273126,1.2787308373005972
6.114576733251765e-06,11.93420651454751,11.99420837050194,1.2921971456302286,1.2769607054734622
6.252807780623637e-06,11.833606547118753,11.893164996077257,1.2903615766316747,1.2751445472151683
6.394163790407656e-06,11.731911253222764,11.7910245630438,1.2884782850074687,1.2732812037563284
6.538715408021471e-06,11.62914313091057,11.68780974707026,1.286546067569901,1.2713694934225335
6.686534875949994e-06,11.525326215715182,11.583544678420253,1.2845637126554708,1.2694082059574596
6.8376960698499305e-06,11.42048599029759,11.47825496939556,1.2825299887728139,1.2673961161142804
6.992274535470597e-06,11.314649300732052,11.3719676877295,1.2804436140927,1.2653319718393494
7.150347526409373e-06,11.207844483158146,11.264711346963889,1.2783032976870057,1.263214499325587
7.3119940427206995e-06,11.100101301576359,11.156515877617169,1.2761077245341794,1.261042405292247
7.4772948703978825e-06,10.99145092899349,11.04741260195914,1.273855565942769,1.2588143732255563
7.646332621747477e-06,10.881925904096923,10.93743420131291,1.2715454690442307,1.2565290602418646
7.819191776676383e-06,10.771560074603189,10.826614672363064,1.2691760548397701,1.2541851051098531
7.995958724912356e-06,10.660388569090568,10.714989298607865,1.2667459258008764,1.2517811189545744
8.176721809178875e-06,10.5484477510793,10.602594612186694,1.2642536554617643,1.2493156956916607
8.361571369346244e-06,10.435775158174735,10.489468343905985,1.2616977966498597,1.2467874030484338
8.550599787580633e-06,10.322409505017006,10.375649372620655,1.2590768822873888,1.244194791170515
8.743901534513882e-06,10.208390552719093,10.261177657789116,1.2563894151247899,1.2415363864060747
8.941573216457039e-06,10.093759132720571,10.14609419702954,1.2536338879959732,1.238810695474268
9.143713623681239e-06,9.97855703536427,10.030440918258964,1.2508087661147549,1.2360162061328495
9.35042377979007e-06,9.862826946861382,9.914260678227622,1.2479125011666024,1.2331513852976053
9.56180699220809e-06,9.746612407360312,9.79759713342779,1.2449435251513927,1.2302146799031328
9.777968903810729e-06,9.629957667656738,9.680494702462013,1.2419002538732953,1.2272045211907594
9.99901754572131e-06,9.51290768083136,9.562998503934029,1.2387810846413365,1.2241193218795539
1.0225063391301815e-05,9.39550796235983,9.445154212527111,1.235584394499196,1.2209574788424633
1.0456219411364018e-05,9.277804545200311,9.327008054856725,1.23230854804508,1.2177173742430334
1.0692601130628873e-05,9.159843915813717,9.208606642797296,1.228951893693387,1.2143973757855135
1.093432668546224e-05,9.041672876837852,9.089996937136787,1.2255127667589951,1.2109958368808609
1.1181516882915833e-05,8.923338507353433,8.971226172432845,1.2219894927544444,1.2075111001245895
1.1434295261102893e-05,8.804888069295115,8.852341719230292,1.2183803881451658,1.2039414967283533
1.1692788150938772e-05,8.686368892486767,8.733391039434968,1.2146837574388212,1.2002853485937701
1.195712473927726e-05,8.567828308207014,8.614421601533365,1.2108978990245653,1.1965409714376176
1.2227437133474261e-05,8.449313507336823,8.495480772832686,1.2070211053186723,1.1927066732653768
1.2503860427410912e-05,8.330871558779759,8.37661570996282,1.2030516639115565,1.1887807594962103
1.2786532769009528e-05,8.212549142145914,8.257873319367796,1.1989878589381748,1.1847615308188388
1.3075595429275627e-05,8.094392703161843,8.13930008881772,1.1948279769055872,1.1806472877233614
1.337119287290087e-05,7.9764481925234465,8.020942123051874,1.1905703035863444,1.1764363331781609
1.3673472830462127e-05,7.858761058741767,7.902844950059278,1.1862131313502693,1.1721269723013925
1.3982586372252687e-05,7.741376218476035,7.7850535520686135,1.1817547580594787,1.1677175162936864
1.429868798378259e-05,7.624337819650688,7.667612234131238,1.1771934901514371,1.1632062868286726
1.462193564298577e-05,7.5076893595881735,7.550564514136686,1.1725276470968629,1.1585916132618455
1.4952490899172591e-05,7.391473406751865,7.433953154465369,1.1677555605675094,1.1538718417524625
1.5290518953767303e-05,7.2757317280644465,7.317819937674878,1.16287558033381,1.1490453314089568
1.5636188742870543e-05,7.160505073418349,7.202205770859647,1.1578860739862087,1.144110462223306
1.5989673021688614e-05,7.045833215468718,7.087150481063249,1.1527854339442822,1.1390656353750437
1.6351148450871153e-05,6.931754909349564,6.972692857210813,1.1475720795942115,1.1339092779104278
1.6720795684800765e-05,6.8183077469378865,6.858870625537542,1.1422444578174213,1.1286398454235715
1.7098799461878542e-05,6.705528228715105,6.74572029355983,1.1368010509275175,1.123255824732053
1.7485348696850707e-05,6.593451633957123,6.633277201631381,1.131240378599844,1.1177557406397012
1.7880636575222407e-05,6.482112000323676,6.521575480851247,1.1255609995812983,1.1121381569589779
1.8284860649805953e-05,6.3715421361124465,6.410647957507586,1.1197615184867042,1.1064016787165813
1.869822293945171e-05,6.2617735512212365,6.3005261785329125,1.1138405892518382,1.100544960983195
1.9120930030010798e-05,6.15283643624342,6.191240393896836,1.1077969186355052,1.0945667103947072
1.955319317758063e-05,6.044759676747561,6.082819518751093,1.1016292710123379,1.0884656886803354
1.999522841408409e-05,5.937570829091031,5.975291122861725,1.0953364744762055,1.0822407188103988
2.0447256655235746e-05,5.831296095050609,5.86868142948784,1.0889174231126943,1.0758906891042435
2.0909503810948776e-05,5.725960345439752,5.763015315089849,1.082371084177377,1.0694145579699066
2.1382200898237837e-05,5.621587082461465,5.658316301233897,1.0756965009047263,1.0628113589800827
2.1865584156674328e-05,5.518198501533827,5.55460656259249,1.0688927998656022,1.0560802056620235
2.2359895166451697e-05,5.415815363369771,5.451906953391217,1.0619591912699085,1.049220297144151
2.286538096911986e-05,5.3144571972158365,5.350236968986809,1.0548949817979059,1.0422309226509356
2.3382294191049076e-05,5.214142193447306,5.2496147872783245,1.0476995752591727,1.0351114665006194
2.3910893169684683e-05,5.114887249133343,5.150057320134417,1.0403724780959407,1.0278614153186243
2.4451442082656568e-05,5.016708097126806,5.051580150549168,1.0329133118826854,1.020480360714086
2.500421107980689e-05,4.919619106821184,4.954197680660804,1.025321807456576,1.01296800942227
2.5569476418202755e-05,4.823633490091246,4.857923103544484,1.0175978192022284,1.0053241867781884
2.6147520600201083e-05,4.728763244794426,4.76276837102542,1.009741327693612,0.9975488400761588
2.6738632514634646e-05,4.6350191820735915,4.668744304122696,1.0017524433882101,0.9896420473700572
2.7343107581189893e-05,4.542411017436673,4.575860575830278,0.9936314170547814,0.9816040217762964
2.7961247898048682e-05,4.4509473801351085,4.4841257394133205,0.9853786433044748,0.9734351154478975
2.8593362392867795e-05,4.3606358212066825,4.39354729883273,0.9769946650780261,0.9651358274618901
2.9239766977171317e-05,4.271482886875007,4.304131750541898,0.9684801811943892,0.9567068098367556
2.9900784704233902e-05,4.183494141584763,4.215884591184367,0.9598360510030078,0.9481488717489106
3.0576745930532714e-05,4.096674186905767,4.128810361584737,0.9510632988425003,0.9394629839588626
3.1267988480849586e-05,4.011026709340603,4.042912687882254,0.9421631190450273,0.9306502851457917
3.1974857817105484e-05,3.9265545252911345,3.9581943193504245,0.9331368818667128,0.921712085783735
3.2697707211011875e-05,3.8432596204783462,3.874657161538545,0.9239861375541082,0.9126498734407406
3.343689792062511e-05,3.7611431770693526,3.792302317772293,0.9147126202731531,0.9034653160872158
3.4192799370892186e-05,3.6802056244604295,3.7111301255768163,0.9053182533353717,0.8941602671145766
3.496578933827806e-05,3.600446642287539,3.6311402010483795,0.8958051499180263,0.8847367686821561
3.5756254139566834e-05,3.5218652233611563,3.5523314495492486,0.8861756179056598,0.8751970535655776
3.656458882493084e-05,3.444459702187277,3.474702117759439,0.8764321622627572,0.8655435483882656
3.739119737536505e-05,3.3682277725496803,3.3982498288688254,0.8665774864314046,0.8557788769208101
3.8236492904584184e-05,3.2931665865954507,3.3229715965320374,0.8566144981129704,0.845905859300126
3.910089786548439e-05,3.2192727126527005,3.2488639069915304,0.8465463049786317,0.8359275174398355
3.998484426127229e-05,3.146542191358095,3.1759227116121407,0.8363762176514816,0.8258470727694983
4.088877386136703e-05,3.074970584309729,3.1041434500422604,0.8261077503691802,0.8156679453500414
4.181313842218308e-05,3.0045529506365174,3.033521100321545,0.8157446159579533,0.8053937550211213
4.275839991290439e-05,2.9352839132899433,2.9640501867746343,0.8052907276339013,0.7950283183210233
4.37250307463624e-05,2.8671576861637056,2.895724811530151,0.7947501967961011,0.7845756467401979
4.4713514015133676e-05,2.800168089935535,2.828538688889976,0.7841273289787963,0.7740399445867111
4.572434373297447e-05,2.7343085796589204,2.762485172231536,0.7734266208359561,0.7634256057845963
4.675802508171424e-05,2.669572271599395,2.697557267634708,0.762652755670345,0.752737208659712
4.781507466372976e-05,2.6059519588932702,2.633747657235751,0.7518105978083627,0.7419795111159573
4.8896020760127274e-05,2.543440121264819,2.5710487224627934,0.7409051856049915,0.7311574450042293
5.000140359476131e-05,2.4820289615041085,2.5094525577247726,0.729941726060205,0.7202761089085905
5.113177560422202e-05,2.4217104104840144,2.448950996170423,0.7189255858690645,0.7093407615324561
5.2287701713926145e-05,2.3624761542964476,2.389535612380598,0.707862284397609,0.6983568121434053
5.34697596204495e-05,2.3043176581914357,2.3311977639998354,0.6967574853383652,0.687329814386212
5.4678540080242166e-05,2.247226160463019,2.2739285856839113,0.6856169846905249,0.6762654543955788
5.59146472048701e-05,2.191192705164159,2.2177190146315877,0.6744467022787949,0.6651695420368376
5.7178698762932316e-05,2.136208143961078,2.1625598116063087,0.6632526695430192,0.6540480008029577
5.847132648880231e-05,2.0822631467711026,2.1084415495384254,0.6520410175711976,0.642906853738207
5.979317639834976e-05,2.0293482203529454,2.055354645464201,0.6408179656054659,0.6317522136929429
6.114490911179948e-05,1.9774537145745292,2.0032893590112884,0.6295898077144101,0.6205902695110135
6.252720018388927e-05,1.9265698369070694,1.9522358104917454,0.6183629002371261,0.6094272738355327
6.394074044149157e-05,1.8766866617268183,1.9021839842268606,0.6071436479577704,0.598269529015643
6.538623632886755e-05,1.8277941361044832,1.853123751545204,0.5959384899454855,0.5871233751374763
6.686441026072652e-05,1.7798820888393403,1.8050448621764459,0.5847538852242645,0.5759951739146769
6.837600098326672e-05,1.732940236229709,1.7579369609531266,0.5735962981894397,0.564891295545836
6.992176394337771e-05,1.686958188836328,1.711789601605964,0.5624721838128014,0.5538181052958047
7.150247166619039e-05,1.6419254587094942,1.6665922347945923,0.5513879729365462,0.5427819464001525
7.311891414116098e-05,1.5978314641909745,1.6223342305998523,0.540350057398812,0.531789127692511
7.47718992168837e-05,1.5546655346100957,1.5790048748409622,0.5293647750783995,0.5208459079812628
7.646225300482892e-05,1.5124169145308148,1.5365933712584388,0.5184383950035721,0.509958480896462
7.819082029220837e-05,1.4710747670810267,1.4950888522350836,0.5075771028119831,0.49913296163768495
7.995846496417404e-05,1.4306281771213394,1.454480377721017,0.4967869860956115,0.4883753720636548
8.176607043556157e-05,1.3910661541051865,1.4147569384686645,0.48607402022936286,0.47769162644111307
8.361454009239408e-05,1.3523776340534506,1.3759074656744623,0.47544405448060023,0.4670875193840923
8.550479774336697e-05,1.3145514811980903,1.337920820015232,0.4649027983051402,0.4565687097458981
8.743778808153874e-05,1.2775764893640404,1.3007858092684235,0.45445580835177846,0.44614071116626525
8.941447715646071e-05,1.2414413826562842,1.264491175636278,0.4441084755971748,0.4358088766962891
9.143585285697838e-05,1.2061348159548562,1.2290255993272494,0.4338660133110114,0.4255783874819166
9.350292540494832e-05,1.1716453750450362,1.1943777056197797,0.42373344532085677,0.41545424284351157
9.561672786011619e-05,1.1379615763959074,1.1605360454417564,0.41371559502605554,0.40544124509483304
9.777831663640848e-05,1.1050718666516366,1.1274891221348282,0.40381707496983493,0.39554399549584784
9.998877202989594e-05,1.0729646219101037,1.0952253693611491,0.3940422770997669,0.38576687980199714
0.00010224919875869268,1.0416281467082071,1.0637331487855006,0.3843953636679059,0.3761140589187702
0.00010456072651505992,1.0110506717914203,1.0330007670745602,0.374880258557421,0.36658946526388436
0.0001069245105299927,0.9812203553702661,1.0030164541820688,0.3655006404414271,0.35719679035854685
0.00010934173215056845,0.9521252842987492,0.9737683626659432,0.356259936743244,0.34793947829479166
0.00011181359943034821,0.9237534684548407,0.9452445785800208,0.34716131623574237,0.3388207231123523
0.00011434134773312505,0.8960928389192768,0.9174331055330469,0.33820768352066083,0.32984346005383974
0.00011692624035032109,0.8691312495352511,0.8903218601848895,0.32940167541302207,0.32101036044229536
0.00011956956913234204,0.8428564766433475,0.8638986762482685,0.3207456574457405,0.3123238296813381
0.00012227265513420455,0.8172562210443016,0.8381513001520519,0.3122417219625953,0.3037860039550807
0.00012503684927575915,0.7923181082604751,0.8130673845066724,0.3038916862697718,0.29539874694806767
0.00012786353301683884,0.7680296889315529,0.7886344832159773,0.29569709150469087,0.28716364777768427
0.00013075411904767045,0.7443784416734291,0.764840052499263,0.28765920308371296,0.27908202135753934
0.00013371005199489406,0.7213517766058894,0.7416714474000694,0.2797790118923202,0.2711549082073898
0.00013673280914354338,0.6989370405396418,0.719115919368453,0.272057236716744,0.26338307525851323
0.0001398239011753476,0.677121523166947,0.6971606150706062,0.2644943275413615,0.2557670176556732
0.00014298487292372416,0.6558924645551162,0.6757925764859661,0.25709046984279926,0.24830696159955187
0.00014621730414583964,0.6352370643739071,0.6549987418748249,0.2498455899733722,0.2410028680265749
0.00014952281031212208,0.6151424931131382,0.6347659477436116,0.2427593616883084,0.23385443713862059
0.00015290304341362713,0.5955959052990202,0.6150809332109226,0.23583121377421284,0.2268611141598327
0.00015635969278765047,0.5765844547962214,0.5959303461847052,0.2290603388301759,0.22002209613469534
0.00015989448596200753,0.5580953122106819,0.577300751376697,0.22244570315995638,0.21333633970339133
0.00016350918951839926,0.5401156844583946,0.5591786411406833,0.2159860577002223,0.20680257008935368
0.00016720560997529558,0.5226328366986394,0.5415504492029722,0.20967995011572327,0.20041929132407205
0.00017098559469077827,0.5056341165154924,0.5244025672579037,0.2035257380107119,0.19418479759199864
0.00017485103278579406,0.4891069800753898,0.507721365174197,0.1975216031158656,0.188097185897317
0.00017880385608827961,0.4730390199366202,0.49149321502747295,0.19166556640300786,0.18215437008777755
0.00018284604009863024,0.45741799476259287,0.475704518881869,0.18595550406099925,0.17635409612709474
0.00018697960497699449,0.44223186035967876,0.4603417407924184,0.1803891642561932,0.17069395869451046
0.0001912066165528887,0.42746880062441167,0.4453914427611052,0.1749641843257488,0.16517141907279673
0.00019552918735763543,0.41311725950805656,0.430840324699015,0.1696781085134663,0.15978382420323498
0.00019994947768014202,0.3991659720781322,0.4166752685679322,0.16452840580605113,0.15452842688888863
0.0002044696966465472,0.3856039942041064,0.40288338662256734,0.15951248771452411,0.14940240720141446
0.00020909210332427486,0.37242073141931237,0.38945207108944424,0.1546277260498832,0.14440289429876024
0.00021381900785104676,0.359605960417572,0.3763690469720949,0.14987146889318256,0.13952698894705265
0.00021865277258941915,0.3471498495040115,0.3636224270471241,0.14524105638595086,0.13477178659454944
0.00022359581330742007,0.335042977672461,0.351200765792281,0.1407338361942468,0.13013440011203675
0.00022865060038587302,0.32327634589197457,0.3390931130053399,0.13634717677296362,0.1256119822534733
0.00023381966005302314,0.31184138220876506,0.3272890640536726,0.1320784791955652,0.12120174711543961
0.00023910557564706553,0.3007299346840573,0.3157788062063566,0.12792518517807216,0.11690099038474078
0.0002445109889072195,0.28993426131159916,0.3045531589111767,0.12388478347064354,0.11270710779673192
0.0002500386012939893,0.2794470179002348,0.29360360569884053,0.11995481579673427,0.10861761117486333
0.0002556911753392716,0.2692612341294426,0.282922317399112,0.11613287913563049,0.10463014196822935
0.00026147153602698445,0.2593702830752907,0.2725021640234999,0.11241662510500904,0.10074248154372888
0.00026738257220490817,0.2497678460702631,0.2623367147775937,0.10880375730204045,0.09695255807134087
0.0002734272380284432,0.24044787259622027,0.2524202258214911,0.10529202654610202,0.09325844989183206
0.0002796085544370067,0.23140453768811706,0.24274761507355078,0.10187922441331286,0.0896583851081373
0.00028592961066380585,0.22263219658667835,0.23331442485065515,0.09856317500331406,0.08615073757478953
0.0002923935657797424,0.21412533848188944,0.22411677338332628,0.09534172540572326,0.0827340195152836
0.00029900365027221964,0.20587854224438673,0.21515129671149116,0.09221273570852055,0.0794068710982567
0.00030576316765964167,0.19788643334429346,0.20641508313964071,0.08917406838039929,0.07616804749759423
0.0003126754961424108,0.190143645029513,0.19790560275521216,0.08622357790373421,0.0730164040522763
0.0003197440902912489,0.18264478471507337,0.1896206347418214,0.08335910117704295,0.06995088021359443
0.00032697248277368656,0.17538440572559605,0.18155819525885947,0.08057844876237918,0.06697048299470598
0.0003343642861195825,0.16835698488385767,0.17371646850025851,0.07787939720976801,0.06407427061698939
0.0003419231945265554,0.16155690718680785,0.16609374319937054,0.07525968315087024,0.061261336977864046
0.00034965298570623283,0.15497845774717403,0.15868835633450615,0.07271699933489939,0.0585307974504473
0.00035755752277223034,0.14861581947972038,0.15149864523333964,0.07024899230721175,0.05588177639653669
0.00036564075617082607,0.14246307751005494,0.14452290854114738,0.06785326225897673,0.05331339659535606
0.0003739067256552678,0.13651422927567372,0.1377593759307662,0.06552736487996268,0.05082477064158299
0.00038235956230471936,0.13076319929792848,0.13120618597633918,0.06326881508244686,0.0484149942461631
0.00039100349058884826,0.12520385832490225,0.12486137104606998,0.06107509263154257,0.04608314122098915
0.00039984283047908635,0.11983004594394056,0.11872284796362807,0.058943649514970844,0.04382825988936452
0.0004088819996076197,0.11463559569410021,0.11278841306081776,0.05687191885043112,0.04164937061778646
0.00041812551547518634,0.10961436205009531,0.10705574030298816,0.05485732518995361,0.03954546416736195
0.00042757799770878506,0.10476024838702885,0.10152238138903136,0.05289729600524355,0.03751550060713577
0.0004372441703704242,0.10006723539677242,0.0961857669181674,0.05098927415254637,0.03555840857054954
0.0004471288643180633,0.09552941074878879,0.09104320802342136,0.04913073124512901,0.03367308470849649
0.0004572370196199286,0.09114099540144913,0.08609189808424426,0.04731918133999728,0.03185839324208525
0.00046757368802340826,0.08689636907327385,0.08132891432884179,0.04555219496887391,0.030113165566602398
0.00047814403547976144,0.08279009672547001,0.0767512192759424,0.04382741350738064,0.028436199893033382
0.0004889533447259031,0.07881695108310506,0.07235566205808505,0.04214256319786293,0.026826260937293674
0.0005000070179245542,0.0749719320165873,0.06813897971449101,0.04049546867303738,0.025282079679467755
0.0005113105793640785,0.07125028472889053,0.06409779855301198,0.03888406610964477,0.023802353219095566
0.0005228696782193523,0.0676475140394565,0.06022863568791055,0.037306415250616946,0.02238574475502064
0.0005346900913750526,0.0641593955027338,0.05652790086624766,0.03576071034792448,0.021030883719837353
0.0005467777263127581,0.060781984254486596,0.052991898660190884,0.03424529011936972,0.019736366090942394
0.0005591386240633417,0.05751161958858076,0.049616831127039074,0.032758645954932254,0.01850075490569377
0.0005717789622260847,0.054344925269923704,0.04639880101654839,0.0312994282212701,0.017322581002662398
0.000584705058056054,0.05127880833359712,0.04333381560272389,0.029866451315050755,0.016200344010219466
0.0005979233716212738,0.04831045496084823,0.040417791227218475,0.02845869713778041,0.01513251360515631
0.0006114405090312699,0.045437321925940514,0.03764655862266403,0.027075316324513536,0.014117531058948168
0.0006252632257386019,0.04265712623072198,0.03501586909199183,0.0257156279176905,0.013153811090077842
0.0006393984299150319,0.03996783277567545,0.03252140156311939,0.024379117607882007,0.01223974402538927
0.0006538531859040177,0.03736764052606665,0.03015877087371168,0.023065434669131035,0.011373698355636815
0.0006686347177512566,0.0348549674984632,0.027923536735775696,0.021774387786838052,0.010554023544063198
0.0006837504128150421,0.032428434872956866,0.025811213899522824,0.0205059399530203,0.009779053209087877
0.0006992078254582406,0.030086851689812733,0.0238172836060716,0.019260203152914428,0.009047108696683017
0.0007150146808237305,0.027829200427933475,0.021937205881681247,0.018037433143175192,0.008356502919470207
0.000731178878695194,0.025654623715028135,0.02016643292546579,0.016838024595534885,0.007705544513490562
0.0007477084974451866,0.023562413376603534,0.01850042338545748,0.015662507356504034,0.007092542246791621
0.0007646117980724617,0.021552002381817096,0.016934657264483077,0.01451154434236566,0.006515809598576001
0.0007818972283305653,0.01962296053655777,0.015464651151687592,0.013385931763110093,0.005973669421031336
0.0007995734269497653,0.01777499462133929,0.014085973778052471,0.012286602370076087,0.005464458654313515
0.0008176492279544285,0.01600795408035499,0.01279426110389038,0.011214632698200255,0.004986532895756305
0.0008361336650779831,0.01432184352945687,0.01158523060143168,0.010171255474570422,0.0045382707256013295
0.0008550359762777226,0.012716843613243696,0.010454692506575698,0.009157878680579332,0.004118077150570061
0.0008743656083516412,0.011193341881263584,0.0093985602866277,0.008176113017900699,0.003724386809602081
0.000894132221659659,0.009751976985063958,0.008412857559622554,0.007227810750805416,0.003355666185791571
0.0009143456949515746,0.008393701140014873,0.0074937200036003775,0.006315120398336651,0.003010414394543493
0.0009350161303041622,0.0071198653446807765,0.006637393436640077,0.005440562204654582,0.0026871628888488646
0.0009561538581698821,0.005932336830578886,0.0058402256815144,0.004607133307739703,0.0023844733452529124
0.0009777694425397243,0.004833661627499592,0.005098653362019037,0.003818455433949435,0.0021009339739847836
0.0009998736862227699,0.003827289683675349,0.0044091827366933055,0.0030789833907616908,0.0018351537710022117
0.0010224776362451034,0.0029178856390166476,0.0037683647562963022,0.002394300197758391,0.0015857543035290417
0.0010455925893707815,0.0021117424935986795,0.0031727602989183932,0.0017715257538172436,0.0013513567461508273
0.0010692300977476084,0.0014172601620721364,0.0026188890557804693,0.0012198300561910179,0.0011305598056063986
0.0010934019746805484,0.0008451653082522794,0.002103131996681388,0.0007508134973306267,0.0009218932182172366
0.001118120300535654,0.00040669619701342474,0.0016214763062569724,0.00037722084738161247,0.0007236937284571044
0.0011433974287774643,9.176929242432073e-05,0.0011686441517574943,9.257687319186773e-05,0.0005336891228795778
0.0011692459921428897,2.879575436338296e-05,0.000733737753775947,3.686145410198514e-05,0.00034698270447930147
0.001195678908954667,4.373519651967096e-06,0.0002374898278920575,1.3712879460985696e-05,0.0001286711285708562
0.0012227093895775447,0.00010570100453115176,0.00011496142122807302,0.0001626644311749581,8.180969231462002e-05
0.0012503509430204175,0.0001042197546714804,0.00011991720330996046,0.00017497048684537818,0.00010809225438735318
0.0012786173836877234,9.68204785246914e-05,0.00019365620972314887,0.00018201853837601653,0.00019208543723057
0.0013075228382834403,8.731143230644557e-05,0.0001399749352760188,0.0001926954063689514,0.00014420882706449046
0.0013370817528712115,7.568066440857367e-05,0.00010099813991311763,0.00020912172899755635,0.00010518946857976864
0.0013673089000940273,6.148192505481873e-05,7.503970347213987e-05,0.00023366612355425897,7.940940946380866e-05
0.001398219386557146,4.3792926560943913e-05,5.855827754650812e-05,0.0002691145885199365,6.547818312891606e-05
0.0014298286603779133,2.108638270466779e-05,4.997725510752508e-05,0.00031877695318008835,6.576634515834435e-05
0.0014621525189062613,9.029120705694762e-06,4.99867908782011e-05,0.00038647941786984746,8.58122334943889e-05
0.0014952071166197398,5.030746161143004e-05,6.13750235120609e-05,0.0004762328824804986,0.00011720813035296931
0.0015290089731970315,0.000108843258092004,8.326305287263808e-05,0.0005911692966670534,0.000129218891881201
0.0015635749817739842,0.00019511562852847963,0.00010197950337497356,0.0007312492886110199,0.00012717732226399367
0.001598922417386282,0.00032870432521281526,0.00010775360711722778,0.0008898819469494942,0.00012424565168709298
0.0016350689456029834,0.0005508586295852514,0.00010573604103267095,0.0010517678525924928,0.0001229490345977804
0.0016720326313552306,0.0009660458745761604,0.00010108084198261127,0.001196368250194333,0.0001238957723590361
0.001709831947964553,0.0019391866831088042,9.514466877895989e-05,0.001307490098014513,0.00012810504511324457
0.0017484857863752673,0.006262469809304438,8.764822641906869e-05,0.0013807411767096688,0.00013748375391957324
0.0017880134645955957,0.011246796497533487,7.76794618625422e-05,0.001421960955313579,0.0001552296579468514
0.0018284347373522165,0.0037773437424254764,6.379625015376411e-05,0.0014406572287458455,0.00018620656201732549
0.001869769805963073,0.002562323719356015,4.378755821597982e-05,0.001445222253380404,0.00023727074434138877
0.001912039328433376,0.0020805282121244602,1.417626620395714e-05,0.0014414741868308432,0.00031780484755108534
0.0019552644297798506,0.0018304970041977129,3.070159772425868e-05,0.001432979148110704,0.0004406271875484824
0.0019994667125883448,0.0016819657350265482,0.00010049311882422813,0.0014217853424429861,0.0006225438665715123
0.002044668267810188,0.0015859052011391117,0.0002126598014967297,0.001409031278649202,0.0008819121114374087
0.002090891685802544,0.0015197016483707233,0.000401726801107602,0.0013953405512959038,0.0012273873453770908
0.002138160067618389,0.0014714980756606257,0.0007458418918336378,0.0013810523612886043,0.001633048883339419
0.00218649703655171,0.0014345146467489777,0.0014663546705098993,0.0013663495220239026,0.002021079678218729
0.0022359267499437114,0.0014046486698245993,0.003535922668649661,0.0013513273274109651,0.0023041167767266168
0.0022864739112559117,0.0013793242840123784,0.03023114072701536,0.0013360306269691008,0.0024567487875999687
0.0023381637824161808,0.0013568695828685463,0.007906362390897818,0.0013204742100563615,0.0025120856388109953
0.002391022196443881,0.0013361861809810273,0.00434460015315996,0.001304653488978065,0.0025120765957161186
0.0024450755703604205,0.0013165492302178099,0.003346307010543411,0.001288550542762261,0.0024842100102061785
0.0025003509183916736,0.0012974635719129439,0.0028943344173279714,0.0012721378360696944,0.002442618199917771
0.002556875865468868,0.0012785885834703046,0.002642255475866963,0.0012553799853863188,0.002393906906413364
0.00261467866103468,0.0012596872717993894,0.0024810106728324127,0.0012382347660611775,0.002341083455841064
0.0026737881931614433,0.0012405849914657952,0.0023656175350085878,0.001220653662993269,0.0022855263896491454
0.0027342340029885277,0.0012211476926429555,0.002274420585043178,0.001202582017328267,0.002227885604261318
0.002796046299486095,0.0012012643786079471,0.002196134625826646,0.0011839588480457392,0.002168471162465531
0.002859255974552625,0.001180836485256888,0.002124499265487137,0.0011647163780195502,0.00210743157146556
0.0029238946184537377,0.0011597703806865566,0.002055887727935936,0.0011447796320954388,0.0020448339120271316
0.002989994535610059,0.0011379724262847641,0.0019883088613351805,0.001124065896032988,0.0019806969929578905
0.003057588760741935,0.00111534526223454,0.0019206807947053388,0.001102483924339453,0.0019150131545121421
0.0031267110753792474,0.0010917848663715695,0.0018523202456051714,0.0010799328905977518,0.0018477626970612845
0.003197396024744345,0.0010671775032167698,0.0017827605590335256,0.0010563007279766868,0.0017789189583633442
0.0032696789350167,0.0010413985193926645,0.0017117674319782222,0.0010314632421825332,0.0017084479610889
0.003343595930987857,0.001014311785854,0.0016392411173097182,0.001005283714618828,0.0016363110259430807
0.0034191839541154994,0.0009857665081506777,0.0015650929763822811,0.0009776105651534246,0.0015624680222747717
0.0034964807809856613,0.0009555947230763637,0.0014892331945907345,0.0009482750220461669,0.0014868776644508975
0.0035755250421923125,0.0009236096253032576,0.0014115966731466645,0.0009170892884661657,0.0014094967831861966
0.003656356241643751,0.0008896032058420625,0.0013321370092292952,0.0008838442033509288,0.001330280446004358
0.0037390147763054476,0.0008533435354782745,0.0012508096773951418,0.0008483065419169149,0.0012491823582142401
0.0038235419563892176,0.0008145712945555695,0.0011675689276507925,0.0008102156628924255,0.0011661549022130122
0.003909980025998804,0.0007729961684837319,0.0010823632659417613,0.0007692798733038798,0.0010811491972444374
0.003998372184242189,0.0007282928065986958,0.0009951403959424273,0.0007251723066088098,0.0009941149501194902
0.004088762606821191,0.000680095796843726,0.0009058501185575106,0.0006775259311590306,0.000905000317989025
0.004181196468109126,0.0006279940495436862,0.0008144388606189301,0.0006259279599170359,0.0008137519616839912
0.0042757199637275915,0.0005715243803434343,0.0007208528720303667,0.0005699133677269411,0.0007203149619590101
0.004372380333633616,0.0005101641884721197,0.0006250370800240785,0.0005089574103378254,0.0006246327287469226
0.004471225885728752,0.00044332258567241633,0.0005269340806422493,0.0004424668661932204,0.0005266470096592624
0.0045723060200018924,0.00037033011256916486,0.0004264856463297715,0.0003697697625304591,0.0004262977769542753
0.004675671253217891,0.00029042712457190753,0.0003236312105572808,0.0002901035388287413,0.00032352318134719023
0.004781373244164228,0.00020275001706097497,0.00021830858334418436,0.0002026013217283235,0.00021825949615461864
0.004889464819468603,0.00010631517372918874,0.0001104535726946698,0.00010627576729013384,0.00011044101328552366
0.005,0.0,0.0,0.0,0.0
