{
  "case_id": "B_case1_134L",
  "h2_co_ratio": 2.2718706175320666,
  "psr_temperature_C": 1026.85,
  "pfr_outlet_temperature_C": 1211.3861553273196,
  "ignition_length_peak_m": 0.0,
  "ignition_length_threshold_m": 0.001,
  "residence_time_s": 3.8199916475027353,
  "Q_burner_kW": 34.29,
  "species_columns": [
    "X_H2",
    "X_H",
    "X_O",
    "X_O2",
    "X_OH",
    "X_H2O",
    "X_HO2",
    "X_H2O2",
    "X_C",
    "X_CH",
    "X_CH2",
    "X_CH2(S)",
    "X_CH3",
    "X_CH4",
    "X_CO",
    "X_CO2",
    "X_HCO",
    "X_CH2O",
    "X_CH2OH",
    "X_CH3O",
    "X_CH3OH",
    "X_C2H",
    "X_C2H2",
    "X_C2H3",
    "X_C2H4",
    "X_C2H5",
    "X_C2H6",
    "X_HCCO",
    "X_CH2CO",
    "X_HCCOH",
    "X_N",
    "X_NH",
    "X_NH2",
    "X_NH3",
    "X_NNH",
    "X_NO",
    "X_NO2",
    "X_N2O",
    "X_HNO",
    "X_CN",
    "X_HCN",
    "X_H2CN",
    "X_HCNN",
    "X_HCNO",
    "X_HOCN",
    "X_HNCO",
    "X_NCO",
    "X_N2",
    "X_AR",
    "X_C3H7",
    "X_C3H8",
    "X_CH2CHO",
    "X_CH3CHO"
  ],
  "species_mapping": {
    "H2": "X_H2",
    "H": "X_H",
    "O": "X_O",
    "O2": "X_O2",
    "OH": "X_OH",
    "H2O": "X_H2O",
    "HO2": "X_HO2",
    "H2O2": "X_H2O2",
    "C": "X_C",
    "CH": "X_CH",
    "CH2": "X_CH2",
    "CH2(S)": "X_CH2(S)",
    "CH3": "X_CH3",
    "CH4": "X_CH4",
    "CO": "X_CO",
    "CO2": "X_CO2",
    "HCO": "X_HCO",
    "CH2O": "X_CH2O",
    "CH2OH": "X_CH2OH",
    "CH3O": "X_CH3O",
    "CH3OH": "X_CH3OH",
    "C2H": "X_C2H",
    "C2H2": "X_C2H2",
    "C2H3": "X_C2H3",
    "C2H4": "X_C2H4",
    "C2H5": "X_C2H5",
    "C2H6": "X_C2H6",
    "HCCO": "X_HCCO",
    "CH2CO": "X_CH2CO",
    "HCCOH": "X_HCCOH",
    "N": "X_N",
    "NH": "X_NH",
    "NH2": "X_NH2",
    "NH3": "X_NH3",
    "NNH": "X_NNH",
    "NO": "X_NO",
    "NO2": "X_NO2",
    "N2O": "X_N2O",
    "HNO": "X_HNO",
    "CN": "X_CN",
    "HCN": "X_HCN",
    "H2CN": "X_H2CN",
    "HCNN": "X_HCNN",
    "HCNO": "X_HCNO",
    "HOCN": "X_HOCN",
    "HNCO": "X_HNCO",
    "NCO": "X_NCO",
    "N2": "X_N2",
    "AR": "X_AR",
    "C3H7": "X_C3H7",
    "C3H8": "X_C3H8",
    "CH2CHO": "X_CH2CHO",
    "CH3CHO": "X_CH3CHO"
  },
  "dry_basis_computed": true,
  "sim_dry": {
    "H2": 0.53720281280259,
    "H": 1.6202999582168189e-06,
    "O": 3.361534781804611e-14,
    "O2": 4.517007083478188e-15,
    "OH": 1.289030231201475e-08,
    "HO2": 3.1515254957545733e-17,
    "H2O2": 1.3575365986885514e-14,
    "C": 1.123367745834243e-18,
    "CH": 3.923153211930743e-16,
    "CH2": 2.7198906854743375e-11,
    "CH2(S)": 5.971564789157726e-13,
    "CH3": 1.1750622694855083e-05,
    "CH4": 0.19290538515991823,
    "CO": 0.23645836547952429,
    "CO2": 0.02752969862017606,
    "HCO": 2.8960082534740448e-08,
    "CH2O": 2.5872730048168096e-06,
    "CH2OH": 1.1006675802070989e-10,
    "CH3O": 9.530965762518253e-13,
    "CH3OH": 2.8790249031134693e-07,
    "C2H": 6.336803262811169e-13,
    "C2H2": 0.00012296617157183312,
    "C2H3": 1.3277997342628777e-08,
    "C2H4": 0.0009592067134219801,
    "C2H5": 1.5118358986565672e-07,
    "C2H6": 0.0002206513754747544,
    "HCCO": 2.7196480454951687e-11,
    "CH2CO": 1.309982832112715e-06,
    "HCCOH": 2.4584633033072116e-09,
    "N": 1.611879818589586e-19,
    "NH": 4.539954247636226e-18,
    "NH2": 1.4137383146628703e-14,
    "NH3": 2.2508807538677454e-09,
    "NNH": 4.884315202532724e-13,
    "NO": 4.570609600859824e-16,
    "NO2": 2.5329145232053028e-24,
    "N2O": 3.867701253115924e-16,
    "HNO": 3.882697698562425e-19,
    "CN": 3.070953143392176e-18,
    "HCN": 2.744916351364665e-10,
    "H2CN": 3.0042231591812034e-16,
    "HCNN": 1.4141279433553526e-18,
    "HCNO": 1.4513611167596608e-20,
    "HOCN": 3.636641722550836e-15,
    "HNCO": 1.4057277016699616e-11,
    "NCO": 7.535792523281485e-18,
    "N2": 0.004582385604682071,
    "AR": 3.7601815934224113e-31,
    "C3H7": 4.668401572870034e-10,
    "C3H8": 6.727078686161976e-07,
    "CH2CHO": 6.665793832829032e-11,
    "CH3CHO": 8.72732231967743e-08
  },
  "targets_available": false,
  "files_used": {
    "axial_profiles": "hp_pox_results_gri/B_case1_134L/axial_profiles.csv",
    "kpis": "hp_pox_results_gri/B_case1_134L/kpis.json",
    "outlet_composition": null
  }
}