{
  "case_id": "A_case1_richter",
  "h2_co_ratio": 2.3192031520552834,
  "psr_temperature_C": 1026.85,
  "pfr_outlet_temperature_C": 1140.1518631821405,
  "ignition_length_peak_m": 0.0,
  "ignition_length_threshold_m": 2.32,
  "residence_time_s": 14.25974454099302,
  "Q_burner_kW": 34.29,
  "species_columns": [
    "X_N2",
    "X_AR",
    "X_HE",
    "X_H",
    "X_O2",
    "X_OH",
    "X_O",
    "X_H2",
    "X_H2O",
    "X_HO2",
    "X_H2O2",
    "X_CO",
    "X_CO2",
    "X_HCO",
    "X_CH3",
    "X_CH4",
    "X_CH2O",
    "X_T-CH2",
    "X_S-CH2",
    "X_C2H4",
    "X_CH3O",
    "X_C2H5",
    "X_C2H6",
    "X_CH",
    "X_C2H2",
    "X_C2H4OOH",
    "X_OC2H3OOH",
    "X_C2H3",
    "X_CH2CHO",
    "X_C2H4O",
    "X_HCCO",
    "X_CH2CO",
    "X_C2H",
    "X_CH2OH",
    "X_CH3OH",
    "X_CH3CHO",
    "X_CH3CO",
    "X_C2H5OH",
    "X_CH2CH2OH",
    "X_CH3CHOH",
    "X_CH3CH2O",
    "X_C3H4",
    "X_C3H3",
    "X_C3H5",
    "X_C3H6",
    "X_C3H8",
    "X_I-C3H7",
    "X_N-C3H7",
    "X_C3H6OOH",
    "X_OC3H5OOH",
    "X_C4H10",
    "X_PC4H9",
    "X_SC4H9",
    "X_C4H8",
    "X_SC4H9O2",
    "X_C4H8OOH1-3",
    "X_NC4KET13"
  ],
  "species_mapping": {
    "N2": "X_N2",
    "AR": "X_AR",
    "HE": "X_HE",
    "H": "X_H",
    "O2": "X_O2",
    "OH": "X_OH",
    "O": "X_O",
    "H2": "X_H2",
    "H2O": "X_H2O",
    "HO2": "X_HO2",
    "H2O2": "X_H2O2",
    "CO": "X_CO",
    "CO2": "X_CO2",
    "HCO": "X_HCO",
    "CH3": "X_CH3",
    "CH4": "X_CH4",
    "CH2O": "X_CH2O",
    "T-CH2": "X_T-CH2",
    "S-CH2": "X_S-CH2",
    "C2H4": "X_C2H4",
    "CH3O": "X_CH3O",
    "C2H5": "X_C2H5",
    "C2H6": "X_C2H6",
    "CH": "X_CH",
    "C2H2": "X_C2H2",
    "C2H4OOH": "X_C2H4OOH",
    "OC2H3OOH": "X_OC2H3OOH",
    "C2H3": "X_C2H3",
    "CH2CHO": "X_CH2CHO",
    "C2H4O": "X_C2H4O",
    "HCCO": "X_HCCO",
    "CH2CO": "X_CH2CO",
    "C2H": "X_C2H",
    "CH2OH": "X_CH2OH",
    "CH3OH": "X_CH3OH",
    "CH3CHO": "X_CH3CHO",
    "CH3CO": "X_CH3CO",
    "C2H5OH": "X_C2H5OH",
    "CH2CH2OH": "X_CH2CH2OH",
    "CH3CHOH": "X_CH3CHOH",
    "CH3CH2O": "X_CH3CH2O",
    "C3H4": "X_C3H4",
    "C3H3": "X_C3H3",
    "C3H5": "X_C3H5",
    "C3H6": "X_C3H6",
    "C3H8": "X_C3H8",
    "I-C3H7": "X_I-C3H7",
    "N-C3H7": "X_N-C3H7",
    "C3H6OOH": "X_C3H6OOH",
    "OC3H5OOH": "X_OC3H5OOH",
    "C4H10": "X_C4H10",
    "PC4H9": "X_PC4H9",
    "SC4H9": "X_SC4H9",
    "C4H8": "X_C4H8",
    "SC4H9O2": "X_SC4H9O2",
    "C4H8OOH1-3": "X_C4H8OOH1-3",
    "NC4KET13": "X_NC4KET13"
  },
  "dry_basis_computed": true,
  "sim_dry": {
    "N2": 0.004366516727462377,
    "AR": 3.5830444426094406e-31,
    "HE": 1.9151107510609503e-29,
    "H": 6.538205135233958e-07,
    "O2": 4.224930688037809e-16,
    "OH": 3.827409434585636e-09,
    "O": 3.4597758060864003e-15,
    "H2": 0.559024139181509,
    "HO2": 3.031040342770851e-18,
    "H2O2": 2.1866417680137753e-15,
    "CO": 0.24104147094061185,
    "CO2": 0.02600420861661579,
    "HCO": 1.6483451053598853e-08,
    "CH3": 3.944798658251423e-06,
    "CH4": 0.1682944092501547,
    "CH2O": 2.763993895180452e-06,
    "T-CH2": 3.393026774601096e-12,
    "S-CH2": 6.568101593213817e-14,
    "C2H4": 0.0002721033454203491,
    "CH3O": 5.83378614007842e-13,
    "C2H5": 3.416262444819624e-08,
    "C2H6": 0.00011916514507702902,
    "CH": 1.313985765403874e-17,
    "C2H2": 1.5281858602012647e-05,
    "C2H4OOH": 8.591556685540254e-25,
    "OC2H3OOH": 1.7091679268692195e-25,
    "C2H3": 1.3082476495652014e-09,
    "CH2CHO": 3.856405377689328e-11,
    "C2H4O": 0.0008528742218350295,
    "HCCO": 5.179104031735216e-12,
    "CH2CO": 6.635592142678642e-07,
    "C2H": 1.9012948646529274e-14,
    "CH2OH": 6.878399905057466e-11,
    "CH3OH": 2.656709207241024e-07,
    "CH3CHO": 1.8938543726187868e-07,
    "CH3CO": 3.878106383355741e-10,
    "C2H5OH": 1.5308533140535185e-08,
    "CH2CH2OH": 1.8185301690373974e-12,
    "CH3CHOH": 6.99743322429335e-13,
    "CH3CH2O": 1.5558331319835721e-15,
    "C3H4": 9.189315123898596e-08,
    "C3H3": 1.3578346404690474e-09,
    "C3H5": 4.315743288872222e-09,
    "C3H6": 9.238631587041774e-07,
    "C3H8": 2.500888736102173e-07,
    "I-C3H7": 9.824702959601568e-11,
    "N-C3H7": 8.430695768880787e-11,
    "C3H6OOH": 6.60548872410366e-27,
    "OC3H5OOH": 5.904892599885485e-28,
    "C4H10": 4.132632992740462e-10,
    "PC4H9": 1.0862554555466476e-13,
    "SC4H9": 3.351189749603054e-13,
    "C4H8": 5.771859720527165e-09,
    "SC4H9O2": 7.1271550410586e-29,
    "C4H8OOH1-3": 3.0296821137019856e-30,
    "NC4KET13": 2.3677436752575773e-29
  },
  "targets_available": false,
  "files_used": {
    "axial_profiles": "hp_pox_results_sandiego/A_case1_richter/axial_profiles.csv",
    "kpis": "hp_pox_results_sandiego/A_case1_richter/kpis.json",
    "outlet_composition": null
  }
}