{
  "case_id": "A_case1_richter",
  "h2_co_ratio": 1.9428822597998132,
  "psr_temperature_C": 1605.881664577873,
  "pfr_outlet_temperature_C": 1321.9584113165388,
  "ignition_length_peak_m": 2.32,
  "ignition_length_threshold_m": 2.32,
  "residence_time_s": 13.294739034396692,
  "Q_burner_kW": 34.29,
  "species_columns": [
    "X_H2",
    "X_H",
    "X_O",
    "X_O2",
    "X_OH",
    "X_H2O",
    "X_HO2",
    "X_H2O2",
    "X_C",
    "X_CH",
    "X_CH2",
    "X_CH2(S)",
    "X_CH3",
    "X_CH4",
    "X_CO",
    "X_CO2",
    "X_HCO",
    "X_CH2O",
    "X_CH2OH",
    "X_CH3O",
    "X_CH3OH",
    "X_C2H",
    "X_C2H2",
    "X_C2H3",
    "X_C2H4",
    "X_C2H5",
    "X_C2H6",
    "X_HCCO",
    "X_CH2CO",
    "X_HCCOH",
    "X_N",
    "X_NH",
    "X_NH2",
    "X_NH3",
    "X_NNH",
    "X_NO",
    "X_NO2",
    "X_N2O",
    "X_HNO",
    "X_CN",
    "X_HCN",
    "X_H2CN",
    "X_HCNN",
    "X_HCNO",
    "X_HOCN",
    "X_HNCO",
    "X_NCO",
    "X_N2",
    "X_AR",
    "X_C3H7",
    "X_C3H8",
    "X_CH2CHO",
    "X_CH3CHO"
  ],
  "species_mapping": {
    "H2": "X_H2",
    "H": "X_H",
    "O": "X_O",
    "O2": "X_O2",
    "OH": "X_OH",
    "H2O": "X_H2O",
    "HO2": "X_HO2",
    "H2O2": "X_H2O2",
    "C": "X_C",
    "CH": "X_CH",
    "CH2": "X_CH2",
    "CH2(S)": "X_CH2(S)",
    "CH3": "X_CH3",
    "CH4": "X_CH4",
    "CO": "X_CO",
    "CO2": "X_CO2",
    "HCO": "X_HCO",
    "CH2O": "X_CH2O",
    "CH2OH": "X_CH2OH",
    "CH3O": "X_CH3O",
    "CH3OH": "X_CH3OH",
    "C2H": "X_C2H",
    "C2H2": "X_C2H2",
    "C2H3": "X_C2H3",
    "C2H4": "X_C2H4",
    "C2H5": "X_C2H5",
    "C2H6": "X_C2H6",
    "HCCO": "X_HCCO",
    "CH2CO": "X_CH2CO",
    "HCCOH": "X_HCCOH",
    "N": "X_N",
    "NH": "X_NH",
    "NH2": "X_NH2",
    "NH3": "X_NH3",
    "NNH": "X_NNH",
    "NO": "X_NO",
    "NO2": "X_NO2",
    "N2O": "X_N2O",
    "HNO": "X_HNO",
    "CN": "X_CN",
    "HCN": "X_HCN",
    "H2CN": "X_H2CN",
    "HCNN": "X_HCNN",
    "HCNO": "X_HCNO",
    "HOCN": "X_HOCN",
    "HNCO": "X_HNCO",
    "NCO": "X_NCO",
    "N2": "X_N2",
    "AR": "X_AR",
    "C3H7": "X_C3H7",
    "C3H8": "X_C3H8",
    "CH2CHO": "X_CH2CHO",
    "CH3CHO": "X_CH3CHO"
  },
  "dry_basis_computed": true,
  "sim_dry": {
    "H2": 0.6274518357579374,
    "H": 6.417750485593265e-06,
    "O": 8.012024903681595e-13,
    "O2": 1.3945627509527255e-13,
    "OH": 9.409677047428452e-08,
    "HO2": 1.057629186325843e-15,
    "H2O2": 1.9971744657023122e-13,
    "C": 3.1843370881210647e-19,
    "CH": 5.77714704143848e-17,
    "CH2": 1.258688214089872e-12,
    "CH2(S)": 3.561672949923377e-14,
    "CH3": 1.3304344709070274e-07,
    "CH4": 0.0006407720123547023,
    "CO": 0.3229489757256765,
    "CO2": 0.04115288573734782,
    "HCO": 9.61691855529851e-08,
    "CH2O": 3.5866405330140083e-06,
    "CH2OH": 1.240673913920423e-10,
    "CH3O": 1.0521498990814842e-12,
    "CH3OH": 5.3870246463281055e-08,
    "C2H": 3.1431534394895713e-16,
    "C2H2": 9.40089671588877e-09,
    "C2H3": 1.5231989530058082e-12,
    "C2H4": 2.7989107706563006e-08,
    "C2H5": 6.581900973250135e-12,
    "C2H6": 3.159372936561627e-09,
    "HCCO": 8.848891134963177e-13,
    "CH2CO": 1.2387723162187545e-08,
    "HCCOH": 6.026015371703545e-13,
    "N": 2.0545596831218068e-14,
    "NH": 3.933654990375973e-12,
    "NH2": 4.960321948435089e-09,
    "NH3": 0.00021075328904199782,
    "NNH": 3.3906811017449574e-12,
    "NO": 3.801466152214701e-10,
    "NO2": 8.085921632806714e-18,
    "N2O": 7.36615212914459e-15,
    "HNO": 4.2664353321412315e-13,
    "CN": 8.930354200599738e-13,
    "HCN": 1.4817398701169111e-05,
    "H2CN": 3.1898626191205515e-11,
    "HCNN": 1.543049925363285e-19,
    "HCNO": 1.0298740205091119e-15,
    "HOCN": 6.777707860977687e-10,
    "HNCO": 2.0446614897101707e-06,
    "NCO": 4.355976116505636e-12,
    "N2": 0.007567474205753659,
    "AR": 4.166533844495368e-31,
    "C3H7": 8.479266682330837e-17,
    "C3H8": 3.9831345571968424e-14,
    "CH2CHO": 9.803922992606463e-13,
    "CH3CHO": 5.025925935059408e-10
  },
  "targets_available": false,
  "files_used": {
    "axial_profiles": "D:/Thesis/Master_Thesis/hp_pox_0d_1d/hp_pox_results_griv2/A_case1_richter/axial_profiles.csv",
    "kpis": "D:/Thesis/Master_Thesis/hp_pox_0d_1d/hp_pox_results_griv2/A_case1_richter/kpis.json",
    "outlet_composition": null
  }
}