{
  "case_id": "A_case4_richter",
  "h2_co_ratio": 2.2377762211032675,
  "psr_temperature_C": 1026.85,
  "pfr_outlet_temperature_C": 1176.6256473498465,
  "ignition_length_peak_m": 0.0,
  "ignition_length_threshold_m": 0.001,
  "residence_time_s": 14.116259818818556,
  "Q_burner_kW": 36.36,
  "species_columns": [
    "X_H2",
    "X_H",
    "X_O",
    "X_O2",
    "X_OH",
    "X_H2O",
    "X_HO2",
    "X_H2O2",
    "X_C",
    "X_CH",
    "X_CH2",
    "X_CH2(S)",
    "X_CH3",
    "X_CH4",
    "X_CO",
    "X_CO2",
    "X_HCO",
    "X_CH2O",
    "X_CH2OH",
    "X_CH3O",
    "X_CH3OH",
    "X_C2H",
    "X_C2H2",
    "X_C2H3",
    "X_C2H4",
    "X_C2H5",
    "X_C2H6",
    "X_HCCO",
    "X_CH2CO",
    "X_HCCOH",
    "X_N",
    "X_NH",
    "X_NH2",
    "X_NH3",
    "X_NNH",
    "X_NO",
    "X_NO2",
    "X_N2O",
    "X_HNO",
    "X_CN",
    "X_HCN",
    "X_H2CN",
    "X_HCNN",
    "X_HCNO",
    "X_HOCN",
    "X_HNCO",
    "X_NCO",
    "X_N2",
    "X_AR",
    "X_C3H7",
    "X_C3H8",
    "X_CH2CHO",
    "X_CH3CHO"
  ],
  "species_mapping": {
    "H2": "X_H2",
    "H": "X_H",
    "O": "X_O",
    "O2": "X_O2",
    "OH": "X_OH",
    "H2O": "X_H2O",
    "HO2": "X_HO2",
    "H2O2": "X_H2O2",
    "C": "X_C",
    "CH": "X_CH",
    "CH2": "X_CH2",
    "CH2(S)": "X_CH2(S)",
    "CH3": "X_CH3",
    "CH4": "X_CH4",
    "CO": "X_CO",
    "CO2": "X_CO2",
    "HCO": "X_HCO",
    "CH2O": "X_CH2O",
    "CH2OH": "X_CH2OH",
    "CH3O": "X_CH3O",
    "CH3OH": "X_CH3OH",
    "C2H": "X_C2H",
    "C2H2": "X_C2H2",
    "C2H3": "X_C2H3",
    "C2H4": "X_C2H4",
    "C2H5": "X_C2H5",
    "C2H6": "X_C2H6",
    "HCCO": "X_HCCO",
    "CH2CO": "X_CH2CO",
    "HCCOH": "X_HCCOH",
    "N": "X_N",
    "NH": "X_NH",
    "NH2": "X_NH2",
    "NH3": "X_NH3",
    "NNH": "X_NNH",
    "NO": "X_NO",
    "NO2": "X_NO2",
    "N2O": "X_N2O",
    "HNO": "X_HNO",
    "CN": "X_CN",
    "HCN": "X_HCN",
    "H2CN": "X_H2CN",
    "HCNN": "X_HCNN",
    "HCNO": "X_HCNO",
    "HOCN": "X_HOCN",
    "HNCO": "X_HNCO",
    "NCO": "X_NCO",
    "N2": "X_N2",
    "AR": "X_AR",
    "C3H7": "X_C3H7",
    "C3H8": "X_C3H8",
    "CH2CHO": "X_CH2CHO",
    "CH3CHO": "X_CH3CHO"
  },
  "dry_basis_computed": true,
  "sim_dry": {
    "H2": 0.5962788236321602,
    "H": 1.0879691145905622e-06,
    "O": 8.831388321787863e-15,
    "O2": 8.665390787251036e-16,
    "OH": 5.465663001040049e-09,
    "HO2": 6.317711471609453e-18,
    "H2O2": 3.8316566099862386e-15,
    "C": 9.987957324025678e-20,
    "CH": 4.7445083357333857e-17,
    "CH2": 5.244039615874892e-12,
    "CH2(S)": 1.1104700661867823e-13,
    "CH3": 4.006074450230852e-06,
    "CH4": 0.10907213794831766,
    "CO": 0.2664604342511884,
    "CO2": 0.02350688314084713,
    "HCO": 2.6064258920940774e-08,
    "CH2O": 3.239340892915642e-06,
    "CH2OH": 6.775196476258107e-11,
    "CH3O": 4.879919140812393e-13,
    "CH3OH": 1.6808928782161375e-07,
    "C2H": 3.084338469937142e-14,
    "C2H2": 1.2392342010748235e-05,
    "C2H3": 1.2625151196224579e-09,
    "C2H4": 0.00015883502439359675,
    "C2H5": 2.3677499186299673e-08,
    "C2H6": 5.507606381300999e-05,
    "HCCO": 6.762108379046928e-12,
    "CH2CO": 5.416915708577114e-07,
    "HCCOH": 1.4434185670750231e-10,
    "N": 2.4775899431748155e-20,
    "NH": 4.446273491049892e-18,
    "NH2": 2.0718801084053912e-14,
    "NH3": 5.6489744642711874e-09,
    "NNH": 3.1325157797215203e-13,
    "NO": 2.6996692566730305e-16,
    "NO2": 7.347985172484224e-25,
    "N2O": 1.404227233453838e-16,
    "HNO": 2.7295952511006497e-19,
    "CN": 2.9136517442787657e-18,
    "HCN": 5.058275952391252e-10,
    "H2CN": 4.758025460163185e-16,
    "HCNN": 2.2027765077496493e-19,
    "HCNO": 4.4229294435678444e-21,
    "HOCN": 5.2329656489478034e-15,
    "HNCO": 3.243131129377278e-11,
    "NCO": 9.944244263423313e-18,
    "N2": 0.0044461809815200485,
    "AR": 3.4630432303537786e-31,
    "C3H7": 3.262080934715018e-11,
    "C3H8": 7.518958969210562e-08,
    "CH2CHO": 2.5484410383921184e-11,
    "CH3CHO": 5.532048491455928e-08
  },
  "targets_available": false,
  "files_used": {
    "axial_profiles": "hp_pox_results_gri/A_case4_richter/axial_profiles.csv",
    "kpis": "hp_pox_results_gri/A_case4_richter/kpis.json",
    "outlet_composition": null
  }
}